episode,accuracy,loss,n_way,k_shot,q_query,support_indices,query_indices,support_query_overlap
0,0.5,2.476686954498291,2,5,5,"[169, 165, 107, 202, 156, 11, 235, 240, 83, 224]","[141, 124, 115, 150, 176, 239, 230, 29, 23, 20]",[]
1,0.800000011920929,1.6121432781219482,2,5,5,"[191, 119, 122, 192, 173, 36, 56, 20, 215, 55]","[169, 157, 180, 110, 195, 46, 235, 28, 16, 51]",[]
2,0.699999988079071,1.7088600397109985,2,5,5,"[63, 204, 93, 29, 30, 103, 122, 148, 161, 192]","[22, 45, 66, 71, 228, 131, 120, 164, 127, 102]",[]
3,1.0,0.03714090958237648,2,5,5,"[202, 174, 102, 200, 194, 213, 239, 236, 73, 204]","[106, 110, 132, 141, 142, 237, 82, 228, 56, 214]",[]
4,0.800000011920929,3.253084182739258,2,5,5,"[56, 82, 64, 36, 236, 152, 200, 186, 169, 192]","[81, 233, 11, 9, 86, 194, 127, 124, 203, 166]",[]
5,0.4000000059604645,6.8517327308654785,2,5,5,"[56, 10, 92, 94, 57, 116, 122, 106, 198, 162]","[29, 31, 63, 26, 50, 203, 176, 171, 137, 124]",[]
6,0.800000011920929,0.964051365852356,2,5,5,"[159, 165, 171, 128, 127, 29, 11, 1, 19, 35]","[189, 188, 162, 192, 152, 22, 97, 87, 94, 56]",[]
7,0.699999988079071,2.1852290630340576,2,5,5,"[85, 62, 6, 42, 7, 139, 180, 162, 165, 200]","[74, 36, 65, 49, 97, 103, 195, 131, 198, 107]",[]
8,0.30000001192092896,5.491511344909668,2,5,5,"[11, 236, 213, 42, 220, 156, 191, 113, 170, 175]","[44, 237, 80, 57, 231, 169, 124, 148, 119, 142]",[]
9,0.699999988079071,5.737051963806152,2,5,5,"[228, 9, 28, 205, 51, 135, 199, 157, 162, 155]","[87, 18, 52, 240, 63, 167, 156, 159, 103, 109]",[]
10,0.20000000298023224,6.897851467132568,2,5,5,"[26, 97, 240, 63, 44, 115, 148, 102, 177, 104]","[212, 28, 237, 239, 207, 194, 162, 167, 203, 147]",[]
11,0.6000000238418579,4.461134433746338,2,5,5,"[162, 109, 103, 150, 101, 8, 42, 207, 212, 59]","[200, 201, 180, 107, 105, 34, 18, 6, 240, 65]",[]
12,0.5,8.345821380615234,2,5,5,"[202, 159, 139, 138, 133, 237, 207, 30, 29, 70]","[148, 166, 107, 188, 156, 55, 28, 46, 240, 31]",[]
13,0.4000000059604645,3.7347607612609863,2,5,5,"[240, 9, 46, 10, 45, 153, 116, 112, 198, 166]","[237, 239, 35, 26, 36, 127, 120, 191, 174, 173]",[]
14,0.5,3.420891284942627,2,5,5,"[51, 71, 29, 45, 42, 170, 185, 105, 173, 106]","[228, 21, 73, 93, 22, 107, 175, 127, 104, 177]",[]
15,0.699999988079071,4.187443733215332,2,5,5,"[139, 202, 104, 150, 176, 50, 49, 214, 29, 21]","[101, 153, 141, 112, 199, 87, 81, 83, 74, 42]",[]
16,0.6000000238418579,3.576796770095825,2,5,5,"[189, 200, 191, 203, 103, 214, 21, 18, 50, 93]","[122, 138, 132, 175, 155, 225, 11, 51, 46, 228]",[]
17,0.4000000059604645,6.520124912261963,2,5,5,"[172, 174, 153, 199, 102, 26, 59, 231, 8, 233]","[198, 171, 177, 155, 112, 85, 20, 80, 16, 226]",[]
18,0.8999999761581421,2.2100253105163574,2,5,5,"[151, 104, 184, 170, 185, 35, 89, 92, 204, 237]","[153, 169, 191, 135, 106, 62, 10, 11, 86, 73]",[]
19,0.699999988079071,6.731241703033447,2,5,5,"[65, 240, 31, 55, 19, 122, 153, 194, 198, 156]","[73, 230, 44, 205, 226, 201, 162, 175, 200, 159]",[]
20,0.6000000238418579,9.240145683288574,2,5,5,"[29, 8, 215, 42, 87, 155, 199, 203, 173, 156]","[208, 18, 28, 27, 82, 161, 165, 115, 195, 103]",[]
21,0.6000000238418579,2.9893524646759033,2,5,5,"[106, 155, 172, 186, 137, 213, 26, 97, 98, 16]","[110, 132, 173, 189, 177, 50, 94, 21, 59, 30]",[]
22,0.5,4.666561603546143,2,5,5,"[203, 119, 194, 202, 176, 55, 36, 98, 8, 57]","[131, 110, 201, 124, 120, 85, 22, 233, 46, 230]",[]
23,0.800000011920929,1.5394845008850098,2,5,5,"[80, 36, 85, 239, 212, 143, 180, 138, 176, 177]","[45, 22, 93, 98, 225, 172, 194, 107, 139, 189]",[]
24,0.30000001192092896,7.3596367835998535,2,5,5,"[142, 159, 162, 131, 106, 56, 70, 87, 80, 46]","[191, 128, 124, 119, 135, 213, 86, 81, 93, 29]",[]
25,0.6000000238418579,5.857559680938721,2,5,5,"[200, 161, 155, 112, 119, 6, 220, 35, 51, 226]","[148, 113, 176, 177, 164, 50, 56, 230, 228, 19]",[]
26,0.699999988079071,4.729398250579834,2,5,5,"[139, 152, 175, 155, 194, 22, 52, 207, 8, 97]","[135, 127, 142, 106, 137, 55, 51, 19, 30, 46]",[]
27,0.699999988079071,2.1842687129974365,2,5,5,"[52, 10, 65, 19, 45, 192, 177, 127, 191, 103]","[1, 98, 86, 97, 225, 167, 150, 143, 186, 176]",[]
28,0.6000000238418579,2.0264201164245605,2,5,5,"[239, 31, 35, 71, 50, 133, 104, 141, 175, 120]","[225, 235, 69, 85, 228, 110, 180, 113, 102, 177]",[]
29,0.5,3.031836748123169,2,5,5,"[26, 31, 28, 27, 213, 150, 131, 159, 155, 151]","[70, 55, 69, 83, 52, 101, 166, 191, 189, 102]",[]
30,0.4000000059604645,5.237330436706543,2,5,5,"[101, 113, 171, 180, 105, 18, 225, 55, 81, 62]","[110, 165, 164, 127, 102, 83, 233, 230, 35, 98]",[]
31,0.699999988079071,6.3213348388671875,2,5,5,"[233, 71, 89, 82, 29, 201, 155, 166, 104, 109]","[239, 204, 46, 55, 49, 115, 176, 191, 169, 105]",[]
32,0.6000000238418579,11.708549499511719,2,5,5,"[205, 62, 49, 87, 71, 174, 159, 110, 173, 150]","[234, 94, 9, 1, 212, 152, 148, 115, 141, 199]",[]
33,0.699999988079071,2.9887566566467285,2,5,5,"[173, 135, 198, 170, 119, 214, 236, 205, 7, 62]","[155, 122, 152, 107, 116, 59, 30, 8, 11, 31]",[]
34,0.800000011920929,0.32112225890159607,2,5,5,"[226, 94, 28, 45, 42, 104, 191, 133, 110, 152]","[6, 36, 21, 85, 87, 166, 189, 137, 109, 174]",[]
35,0.6000000238418579,2.18758225440979,2,5,5,"[226, 83, 205, 231, 93, 185, 113, 151, 203, 195]","[28, 31, 35, 27, 230, 167, 106, 107, 147, 155]",[]
36,0.699999988079071,6.354744911193848,2,5,5,"[20, 80, 55, 42, 97, 145, 147, 167, 173, 166]","[36, 94, 234, 26, 70, 151, 186, 120, 103, 201]",[]
37,0.699999988079071,1.5395506620407104,2,5,5,"[1, 233, 208, 27, 207, 106, 166, 157, 104, 139]","[231, 44, 62, 71, 81, 175, 189, 185, 172, 177]",[]
38,0.5,5.098891258239746,2,5,5,"[231, 73, 59, 34, 7, 174, 102, 155, 148, 164]","[66, 18, 240, 50, 98, 194, 153, 202, 127, 113]",[]
39,0.6000000238418579,6.725672721862793,2,5,5,"[116, 186, 139, 201, 195, 28, 16, 20, 8, 85]","[143, 184, 166, 157, 176, 81, 35, 234, 55, 208]",[]
40,0.699999988079071,4.498227119445801,2,5,5,"[180, 141, 177, 159, 131, 85, 93, 9, 63, 52]","[200, 109, 198, 169, 173, 71, 98, 56, 226, 73]",[]
41,0.4000000059604645,6.16441535949707,2,5,5,"[230, 20, 27, 239, 28, 199, 124, 170, 186, 189]","[22, 35, 52, 80, 208, 141, 105, 162, 147, 180]",[]
42,0.6000000238418579,5.88669490814209,2,5,5,"[156, 147, 104, 200, 120, 0, 74, 23, 81, 82]","[107, 167, 169, 170, 195, 55, 70, 205, 87, 207]",[]
43,0.5,6.520829200744629,2,5,5,"[161, 132, 116, 185, 194, 35, 31, 81, 82, 69]","[102, 145, 115, 188, 155, 1, 212, 89, 235, 237]",[]
44,0.800000011920929,8.084661483764648,2,5,5,"[127, 159, 116, 161, 186, 86, 1, 26, 65, 80]","[153, 119, 185, 103, 201, 20, 64, 57, 19, 235]",[]
45,0.800000011920929,2.161069393157959,2,5,5,"[162, 192, 173, 164, 194, 56, 19, 49, 236, 35]","[172, 161, 106, 152, 159, 9, 44, 74, 28, 27]",[]
46,0.4000000059604645,3.799302339553833,2,5,5,"[145, 156, 169, 194, 143, 70, 44, 97, 45, 18]","[148, 151, 170, 132, 141, 31, 6, 86, 205, 220]",[]
47,0.6000000238418579,5.824803829193115,2,5,5,"[132, 155, 103, 152, 148, 23, 11, 231, 19, 70]","[188, 138, 124, 128, 133, 235, 234, 22, 225, 36]",[]
48,0.8999999761581421,0.16059842705726624,2,5,5,"[94, 204, 235, 63, 239, 131, 159, 148, 141, 133]","[65, 20, 52, 73, 208, 161, 120, 186, 101, 155]",[]
49,0.4000000059604645,7.439807891845703,2,5,5,"[139, 142, 120, 132, 202, 74, 86, 66, 0, 16]","[166, 194, 156, 113, 102, 70, 89, 46, 56, 207]",[]
50,0.5,12.300572395324707,2,5,5,"[142, 173, 188, 189, 161, 233, 1, 19, 10, 65]","[132, 103, 203, 164, 135, 98, 20, 85, 45, 213]",[]
51,0.5,5.955630302429199,2,5,5,"[57, 231, 228, 20, 31, 115, 166, 116, 191, 104]","[19, 98, 235, 30, 70, 175, 169, 131, 120, 200]",[]
52,0.4000000059604645,4.234366416931152,2,5,5,"[83, 35, 214, 98, 21, 201, 155, 185, 200, 176]","[27, 228, 1, 235, 215, 189, 135, 170, 101, 166]",[]
53,0.4000000059604645,8.879110336303711,2,5,5,"[65, 27, 236, 36, 6, 104, 170, 122, 102, 109]","[52, 8, 10, 35, 85, 166, 105, 173, 115, 101]",[]
54,0.5,2.6036038398742676,2,5,5,"[112, 167, 109, 202, 124, 93, 226, 1, 208, 205]","[166, 151, 127, 135, 152, 0, 50, 36, 225, 234]",[]
55,0.10000000149011612,16.72340965270996,2,5,5,"[184, 156, 103, 170, 145, 214, 230, 235, 240, 215]","[159, 162, 151, 131, 142, 65, 204, 205, 63, 22]",[]
56,0.699999988079071,1.4809303283691406,2,5,5,"[207, 98, 18, 73, 52, 185, 128, 133, 116, 101]","[230, 231, 34, 21, 86, 119, 176, 166, 102, 174]",[]
57,0.800000011920929,2.845468282699585,2,5,5,"[156, 164, 189, 199, 161, 16, 31, 80, 1, 94]","[110, 201, 185, 119, 133, 204, 65, 74, 85, 66]",[]
58,0.699999988079071,4.7539143562316895,2,5,5,"[139, 155, 177, 201, 138, 234, 45, 81, 92, 49]","[153, 164, 120, 127, 124, 31, 97, 70, 71, 237]",[]
59,0.699999988079071,5.056264400482178,2,5,5,"[166, 186, 139, 198, 173, 11, 21, 207, 231, 220]","[116, 167, 110, 127, 124, 215, 98, 8, 214, 56]",[]
60,0.30000001192092896,2.1812567710876465,2,5,5,"[201, 132, 127, 120, 101, 26, 52, 207, 240, 214]","[145, 124, 199, 180, 151, 18, 73, 82, 81, 74]",[]
61,0.6000000238418579,4.0370025634765625,2,5,5,"[167, 184, 176, 116, 119, 42, 234, 214, 8, 46]","[199, 132, 105, 104, 189, 22, 18, 28, 64, 35]",[]
62,0.5,8.262747764587402,2,5,5,"[148, 169, 157, 143, 184, 231, 236, 8, 230, 49]","[109, 191, 167, 151, 162, 42, 93, 228, 212, 73]",[]
63,0.6000000238418579,2.5116348266601562,2,5,5,"[174, 135, 137, 170, 105, 59, 204, 240, 63, 45]","[173, 141, 110, 155, 159, 35, 19, 87, 42, 82]",[]
64,0.800000011920929,1.4065146446228027,2,5,5,"[57, 19, 92, 214, 208, 145, 113, 119, 192, 139]","[59, 0, 80, 93, 69, 115, 157, 191, 169, 177]",[]
65,0.5,7.899125099182129,2,5,5,"[207, 233, 74, 97, 21, 150, 172, 200, 201, 203]","[34, 23, 215, 87, 236, 135, 180, 162, 124, 147]",[]
66,0.30000001192092896,6.889616966247559,2,5,5,"[230, 81, 228, 208, 46, 112, 189, 192, 150, 164]","[21, 207, 16, 34, 19, 110, 169, 186, 194, 147]",[]
67,0.800000011920929,0.9118055105209351,2,5,5,"[142, 170, 153, 174, 159, 97, 220, 45, 207, 98]","[106, 161, 189, 107, 177, 83, 23, 63, 10, 65]",[]
68,0.8999999761581421,1.500016450881958,2,5,5,"[137, 171, 189, 191, 162, 20, 235, 34, 69, 26]","[139, 192, 198, 104, 203, 87, 70, 64, 82, 89]",[]
69,0.6000000238418579,3.26654052734375,2,5,5,"[192, 161, 177, 157, 104, 71, 70, 65, 87, 55]","[101, 106, 132, 198, 186, 10, 29, 204, 63, 19]",[]
70,0.8999999761581421,1.0107226371765137,2,5,5,"[26, 233, 8, 228, 31, 139, 167, 152, 150, 120]","[22, 6, 82, 19, 44, 176, 109, 103, 141, 185]",[]
71,0.5,2.836728572845459,2,5,5,"[176, 156, 104, 161, 177, 42, 36, 50, 80, 94]","[107, 189, 122, 201, 184, 45, 34, 52, 29, 63]",[]
72,0.5,7.0164337158203125,2,5,5,"[192, 199, 169, 102, 172, 18, 23, 44, 7, 98]","[137, 189, 185, 166, 105, 234, 71, 239, 204, 236]",[]
73,0.4000000059604645,7.411508083343506,2,5,5,"[133, 145, 106, 180, 169, 73, 220, 87, 30, 237]","[132, 124, 159, 128, 156, 228, 93, 92, 69, 235]",[]
74,0.5,2.2896780967712402,2,5,5,"[137, 156, 171, 176, 133, 230, 49, 70, 233, 89]","[148, 124, 139, 103, 155, 44, 7, 80, 46, 35]",[]
75,0.5,7.225626468658447,2,5,5,"[135, 128, 186, 175, 113, 28, 62, 81, 83, 205]","[169, 148, 103, 185, 171, 226, 22, 31, 230, 82]",[]
76,0.5,3.0076849460601807,2,5,5,"[42, 220, 236, 23, 215, 170, 107, 159, 138, 192]","[36, 0, 49, 73, 204, 151, 145, 127, 152, 172]",[]
77,0.6000000238418579,2.776733160018921,2,5,5,"[231, 224, 214, 208, 50, 152, 180, 115, 198, 186]","[83, 71, 7, 225, 205, 107, 138, 191, 153, 132]",[]
78,0.699999988079071,5.263958930969238,2,5,5,"[203, 176, 188, 142, 162, 224, 237, 74, 92, 23]","[138, 153, 173, 175, 194, 11, 215, 45, 59, 235]",[]
79,0.699999988079071,5.011503219604492,2,5,5,"[110, 169, 109, 180, 101, 220, 204, 46, 8, 235]","[122, 174, 201, 184, 131, 0, 55, 226, 64, 1]",[]
80,0.20000000298023224,6.792172908782959,2,5,5,"[177, 107, 105, 127, 148, 237, 70, 213, 98, 93]","[133, 195, 184, 185, 176, 235, 52, 212, 83, 92]",[]
81,0.800000011920929,3.821486234664917,2,5,5,"[6, 92, 235, 8, 224, 101, 180, 124, 145, 169]","[220, 59, 225, 214, 65, 157, 115, 128, 120, 184]",[]
82,0.6000000238418579,1.7243140935897827,2,5,5,"[50, 215, 0, 63, 239, 101, 201, 161, 171, 131]","[18, 236, 66, 80, 52, 188, 189, 102, 175, 202]",[]
83,0.5,3.011869192123413,2,5,5,"[104, 162, 128, 102, 195, 205, 230, 233, 18, 226]","[124, 200, 186, 115, 153, 225, 19, 85, 236, 49]",[]
84,0.6000000238418579,4.194263458251953,2,5,5,"[230, 92, 23, 11, 19, 188, 192, 143, 127, 128]","[65, 27, 74, 208, 224, 157, 166, 119, 112, 155]",[]
85,0.8999999761581421,0.23259618878364563,2,5,5,"[200, 165, 166, 137, 171, 239, 20, 71, 19, 97]","[161, 109, 192, 155, 188, 10, 63, 66, 18, 45]",[]
86,0.699999988079071,1.1179505586624146,2,5,5,"[56, 226, 22, 34, 235, 113, 153, 147, 184, 164]","[69, 81, 214, 26, 83, 198, 124, 157, 189, 109]",[]
87,0.6000000238418579,4.95550537109375,2,5,5,"[57, 237, 69, 31, 49, 152, 186, 192, 175, 102]","[228, 80, 204, 46, 208, 174, 185, 122, 106, 124]",[]
88,0.5,7.22628927230835,2,5,5,"[11, 27, 212, 51, 81, 173, 203, 139, 192, 131]","[63, 239, 92, 80, 19, 115, 145, 185, 174, 122]",[]
89,0.6000000238418579,3.800060749053955,2,5,5,"[131, 185, 116, 159, 189, 21, 70, 226, 86, 62]","[122, 157, 142, 124, 199, 230, 93, 65, 36, 35]",[]
90,0.6000000238418579,5.230036735534668,2,5,5,"[122, 138, 195, 116, 162, 46, 66, 231, 89, 70]","[155, 106, 200, 166, 107, 7, 29, 31, 36, 236]",[]
91,0.6000000238418579,3.730701446533203,2,5,5,"[171, 131, 185, 161, 142, 207, 235, 85, 86, 87]","[113, 141, 153, 165, 166, 233, 230, 29, 31, 73]",[]
92,0.699999988079071,3.6190249919891357,2,5,5,"[18, 52, 92, 16, 70, 170, 139, 151, 137, 180]","[10, 81, 62, 56, 73, 203, 174, 155, 104, 169]",[]
93,0.5,6.637889862060547,2,5,5,"[89, 97, 21, 28, 16, 102, 186, 189, 137, 145]","[66, 85, 55, 0, 233, 116, 153, 101, 164, 166]",[]
94,0.5,2.7655036449432373,2,5,5,"[173, 195, 102, 186, 165, 66, 0, 56, 234, 89]","[201, 103, 161, 101, 202, 69, 225, 55, 74, 19]",[]
95,0.5,5.110890865325928,2,5,5,"[127, 171, 176, 147, 192, 69, 73, 57, 59, 44]","[112, 200, 120, 145, 102, 63, 31, 27, 234, 19]",[]
96,0.5,4.211680889129639,2,5,5,"[164, 170, 151, 176, 109, 46, 27, 11, 0, 35]","[132, 153, 102, 161, 172, 225, 239, 94, 230, 1]",[]
97,0.800000011920929,5.262781620025635,2,5,5,"[164, 173, 194, 199, 195, 20, 220, 30, 36, 63]","[172, 103, 128, 116, 137, 64, 66, 57, 16, 228]",[]
98,0.4000000059604645,3.4164955615997314,2,5,5,"[159, 192, 115, 156, 175, 80, 224, 226, 237, 81]","[180, 185, 116, 169, 155, 64, 36, 71, 6, 42]",[]
99,0.5,3.901848316192627,2,5,5,"[81, 213, 27, 73, 82, 102, 172, 135, 200, 173]","[19, 29, 234, 215, 35, 119, 105, 180, 159, 147]",[]
