episode,query_molecule_id,query_index,true_label,predicted_label,correct,distance_to_class_0_prototype,distance_to_class_1_prototype,distance_gap
0,BACE_129,127,0,0,1,37.21033477783203,46.630226135253906,9.419891357421875
0,BACE_121,119,0,0,1,37.085693359375,46.7415771484375,9.6558837890625
0,BACE_117,115,0,0,1,67.46743774414062,83.97347259521484,16.50603485107422
0,BACE_158,156,0,1,0,55.199703216552734,45.718727111816406,9.480976104736328
0,BACE_144,142,0,0,1,50.840396881103516,65.9893798828125,15.148983001708984
0,BACE_240,213,1,1,1,93.5419692993164,75.7913818359375,17.750587463378906
0,BACE_266,239,1,0,0,40.4736442565918,54.51627731323242,14.042633056640625
0,BACE_255,228,1,1,1,79.10770416259766,63.25905990600586,15.848644256591797
0,BACE_45,44,1,0,0,60.78939437866211,61.440032958984375,0.6506385803222656
0,BACE_252,225,1,0,0,47.13372802734375,67.69586181640625,20.5621337890625
1,BACE_134,132,0,1,0,75.67864227294922,63.70021057128906,11.978431701660156
1,BACE_179,177,0,0,1,51.0258903503418,62.4481201171875,11.422229766845703
1,BACE_167,165,0,0,1,50.96503448486328,56.70948791503906,5.744453430175781
1,BACE_129,127,0,0,1,30.706605911254883,54.16343307495117,23.45682716369629
1,BACE_114,112,0,1,0,142.2009735107422,113.25690460205078,28.944068908691406
1,BACE_22,21,1,1,1,52.0200080871582,37.62543487548828,14.394573211669922
1,BACE_75,74,1,1,1,124.44613647460938,99.72608184814453,24.720054626464844
1,BACE_74,73,1,0,0,48.613380432128906,60.5751953125,11.961814880371094
1,BACE_57,56,1,1,1,95.20860290527344,91.96023559570312,3.2483673095703125
1,BACE_10,9,1,1,1,52.682308197021484,30.64824104309082,22.034067153930664
2,BACE_158,156,0,0,1,46.39113235473633,48.13416290283203,1.7430305480957031
2,BACE_171,169,0,1,0,44.6162223815918,38.37506866455078,6.241153717041016
2,BACE_140,138,0,1,0,62.04841995239258,58.085121154785156,3.963298797607422
2,BACE_169,167,0,0,1,20.382829666137695,29.570859909057617,9.188030242919922
2,BACE_107,105,0,1,0,73.38204193115234,68.12908172607422,5.252960205078125
2,BACE_22,21,1,1,1,57.7344970703125,52.16993713378906,5.5645599365234375
2,BACE_83,82,1,1,1,108.04415893554688,96.0276107788086,12.016548156738281
2,BACE_60,59,1,0,0,48.87360763549805,56.37657928466797,7.502971649169922
2,BACE_100,98,1,1,1,55.7757682800293,39.7354736328125,16.040294647216797
2,BACE_81,80,1,1,1,63.037353515625,56.9995002746582,6.037853240966797
3,BACE_114,112,0,1,0,137.9125518798828,133.15185546875,4.7606964111328125
3,BACE_135,133,0,1,0,67.22820281982422,64.03076171875,3.1974411010742188
3,BACE_150,148,0,1,0,55.57242202758789,52.49331283569336,3.0791091918945312
3,BACE_115,113,0,0,1,70.96510314941406,81.49778747558594,10.532684326171875
3,BACE_147,145,0,1,0,66.35417175292969,59.49214553833008,6.862026214599609
3,BACE_12,11,1,1,1,41.60871887207031,37.27220916748047,4.336509704589844
3,BACE_51,50,1,1,1,59.310462951660156,58.720603942871094,0.5898590087890625
3,BACE_9,8,1,0,0,45.49966812133789,54.77404022216797,9.274372100830078
3,BACE_67,66,1,1,1,57.31892776489258,51.56480026245117,5.754127502441406
3,BACE_87,86,1,1,1,44.731014251708984,34.93079376220703,9.800220489501953
4,BACE_196,194,0,0,1,28.566301345825195,71.73938751220703,43.173086166381836
4,BACE_175,173,0,0,1,27.61492156982422,78.71841430664062,51.103492736816406
4,BACE_188,186,0,0,1,34.94440841674805,45.90836715698242,10.963958740234375
4,BACE_114,112,0,1,0,154.72857666015625,137.7233123779297,17.005264282226562
4,BACE_126,124,0,1,0,73.07756042480469,33.954681396484375,39.12287902832031
4,BACE_260,233,1,0,0,35.767948150634766,51.550201416015625,15.78225326538086
4,BACE_93,92,1,1,1,67.23873901367188,40.84095764160156,26.397781372070312
4,BACE_87,86,1,1,1,51.56998825073242,51.149314880371094,0.4206733703613281
4,BACE_81,80,1,1,1,76.80809020996094,64.77117156982422,12.036918640136719
4,BACE_50,49,1,0,0,40.85544967651367,62.35194396972656,21.49649429321289
5,BACE_122,120,0,0,1,49.574928283691406,58.02353286743164,8.448604583740234
5,BACE_133,131,0,0,1,48.63642120361328,66.68795013427734,18.051528930664062
5,BACE_134,132,0,1,0,64.9327163696289,57.546180725097656,7.38653564453125
5,BACE_175,173,0,0,1,47.86819839477539,66.2086410522461,18.340442657470703
5,BACE_167,165,0,0,1,49.028690338134766,56.65738296508789,7.628692626953125
5,BACE_231,204,1,0,0,132.7274932861328,134.4785919189453,1.7510986328125
5,BACE_247,220,1,0,0,37.32195281982422,52.854087829589844,15.532135009765625
5,BACE_56,55,1,0,0,41.277591705322266,42.56756591796875,1.2899742126464844
5,BACE_253,226,1,0,0,55.38191223144531,68.75069427490234,13.368782043457031
5,BACE_2,1,1,1,1,75.55656433105469,53.165016174316406,22.39154815673828
6,BACE_158,156,0,1,0,66.20869445800781,55.04275894165039,11.165935516357422
6,BACE_182,180,0,0,1,24.889802932739258,29.612472534179688,4.72266960144043
6,BACE_134,132,0,1,0,83.86068725585938,55.35868453979492,28.502002716064453
6,BACE_147,145,0,0,1,44.15629959106445,61.51927185058594,17.362972259521484
6,BACE_103,101,0,0,1,63.6783447265625,70.85037994384766,7.172035217285156
6,BACE_65,64,1,0,0,88.84931945800781,92.68699645996094,3.837677001953125
6,BACE_263,236,1,1,1,44.65474319458008,40.36677932739258,4.2879638671875
6,BACE_45,44,1,0,0,74.79801940917969,75.02272033691406,0.224700927734375
6,BACE_31,30,1,1,1,104.05420684814453,93.68989562988281,10.364311218261719
6,BACE_82,81,1,0,0,50.35194396972656,54.22175598144531,3.86981201171875
7,BACE_194,192,0,0,1,46.43781661987305,53.990604400634766,7.552787780761719
7,BACE_105,103,0,1,0,169.3297119140625,163.62069702148438,5.709014892578125
7,BACE_122,120,0,0,1,47.443599700927734,47.739585876464844,0.2959861755371094
7,BACE_190,188,0,0,1,42.173301696777344,42.26991653442383,0.09661483764648438
7,BACE_139,137,0,0,1,38.66105651855469,43.07405471801758,4.412998199462891
7,BACE_20,19,1,1,1,41.52762985229492,40.07613754272461,1.4514923095703125
7,BACE_261,234,1,0,0,46.74581527709961,50.164554595947266,3.4187393188476562
7,BACE_235,208,1,0,0,54.83053207397461,55.15602111816406,0.3254890441894531
7,BACE_17,16,1,1,1,45.80666732788086,42.47249984741211,3.33416748046875
7,BACE_251,224,1,1,1,75.50053405761719,73.1136245727539,2.3869094848632812
8,BACE_179,177,0,1,0,39.36534881591797,35.767478942871094,3.597869873046875
8,BACE_144,142,0,0,1,35.925392150878906,57.559329986572266,21.63393783569336
8,BACE_141,139,0,0,1,21.13097381591797,38.895572662353516,17.764598846435547
8,BACE_169,167,0,1,0,36.009918212890625,29.122074127197266,6.887844085693359
8,BACE_133,131,0,0,1,33.07759094238281,54.16581344604492,21.08822250366211
8,BACE_27,26,1,1,1,41.35082244873047,31.587841033935547,9.762981414794922
8,BACE_53,52,1,1,1,46.89788055419922,42.460731506347656,4.4371490478515625
8,BACE_50,49,1,0,0,42.7476692199707,46.077430725097656,3.329761505126953
8,BACE_17,16,1,1,1,59.51606750488281,50.50507736206055,9.010990142822266
8,BACE_72,71,1,1,1,62.05332946777344,60.95145034790039,1.1018791198730469
9,BACE_111,109,0,1,0,90.97323608398438,38.51399612426758,52.4592399597168
9,BACE_204,202,0,1,0,88.72429656982422,47.4588508605957,41.265445709228516
9,BACE_112,110,0,1,0,63.38026428222656,30.023656845092773,33.35660743713379
9,BACE_187,185,0,1,0,81.01834869384766,36.89699172973633,44.12135696411133
9,BACE_205,203,0,1,0,100.09358215332031,54.09608840942383,45.997493743896484
9,BACE_235,208,1,1,1,77.69506072998047,52.41408157348633,25.28097915649414
9,BACE_47,46,1,1,1,72.23828125,53.662078857421875,18.576202392578125
9,BACE_252,225,1,1,1,82.19090270996094,48.72885513305664,33.4620475769043
9,BACE_28,27,1,1,1,88.83124542236328,40.549503326416016,48.281742095947266
9,BACE_232,205,1,1,1,83.01973724365234,69.80199432373047,13.217742919921875
10,BACE_201,199,0,0,1,25.356151580810547,75.42822265625,50.07207107543945
10,BACE_182,180,0,0,1,35.444095611572266,66.77632141113281,31.332225799560547
10,BACE_169,167,0,0,1,45.117347717285156,68.09477996826172,22.977432250976562
10,BACE_144,142,0,0,1,29.716384887695312,70.95728302001953,41.24089813232422
10,BACE_143,141,0,0,1,51.9603385925293,64.000732421875,12.040393829345703
10,BACE_72,71,1,0,0,61.538692474365234,81.70527648925781,20.166584014892578
10,BACE_23,22,1,1,1,58.14924621582031,42.144935607910156,16.004310607910156
10,BACE_53,52,1,0,0,57.84770202636719,62.40776443481445,4.560062408447266
10,BACE_43,42,1,1,1,40.46614074707031,35.538673400878906,4.927467346191406
10,BACE_257,230,1,0,0,77.72135162353516,93.47303009033203,15.751678466796875
11,BACE_155,153,0,0,1,51.34581756591797,59.143798828125,7.797981262207031
11,BACE_190,188,0,0,1,43.77657699584961,46.670406341552734,2.893829345703125
11,BACE_150,148,0,1,0,57.24081802368164,42.66223907470703,14.57857894897461
11,BACE_182,180,0,0,1,18.803604125976562,36.29927444458008,17.495670318603516
11,BACE_197,195,0,0,1,26.36267852783203,40.65341567993164,14.29073715209961
11,BACE_252,225,1,1,1,55.285789489746094,48.156742095947266,7.129047393798828
11,BACE_2,1,1,1,1,93.76608276367188,67.171875,26.594207763671875
11,BACE_21,20,1,1,1,47.5823860168457,33.85189437866211,13.730491638183594
11,BACE_52,51,1,0,0,34.64230728149414,39.18974304199219,4.547435760498047
11,BACE_35,34,1,1,1,47.98386764526367,39.15127944946289,8.832588195800781
12,BACE_111,109,0,0,1,27.299623489379883,48.296756744384766,20.997133255004883
12,BACE_135,133,0,0,1,33.53557205200195,64.28591918945312,30.750347137451172
12,BACE_173,171,0,1,0,60.647647857666016,45.449440002441406,15.19820785522461
12,BACE_103,101,0,0,1,60.77821350097656,64.27120971679688,3.4929962158203125
12,BACE_140,138,0,0,1,32.82541275024414,64.36465454101562,31.539241790771484
12,BACE_235,208,1,0,0,50.22486114501953,60.182430267333984,9.957569122314453
12,BACE_31,30,1,1,1,100.8941879272461,83.1560287475586,17.7381591796875
12,BACE_43,42,1,0,0,44.418941497802734,50.930564880371094,6.511623382568359
12,BACE_64,63,1,1,1,68.25270080566406,49.805267333984375,18.447433471679688
12,BACE_47,46,1,1,1,65.31460571289062,46.93752670288086,18.377079010009766
13,BACE_109,107,0,1,0,118.81475830078125,100.77200317382812,18.042755126953125
13,BACE_193,191,0,0,1,22.470272064208984,39.06341552734375,16.593143463134766
13,BACE_134,132,0,1,0,89.38785552978516,74.08708190917969,15.300773620605469
13,BACE_106,104,0,1,0,67.9622802734375,45.27837371826172,22.68390655517578
13,BACE_197,195,0,0,1,22.122846603393555,40.92671203613281,18.803865432739258
13,BACE_263,236,1,0,0,44.159019470214844,63.596473693847656,19.437454223632812
13,BACE_52,51,1,0,0,47.523658752441406,57.24467468261719,9.721015930175781
13,BACE_87,86,1,1,1,60.705238342285156,36.85129165649414,23.853946685791016
13,BACE_27,26,1,1,1,50.68863296508789,49.06267547607422,1.6259574890136719
13,BACE_53,52,1,1,1,58.3990364074707,54.6915283203125,3.707508087158203
14,BACE_153,151,0,0,1,30.218055725097656,32.91364288330078,2.695587158203125
14,BACE_143,141,0,0,1,39.73924255371094,50.90638732910156,11.167144775390625
14,BACE_202,200,0,1,0,54.96404266357422,46.96098709106445,8.003055572509766
14,BACE_124,122,0,0,1,29.532251358032227,41.666072845458984,12.133821487426758
14,BACE_126,124,0,0,1,48.6457633972168,63.658878326416016,15.013114929199219
14,BACE_19,18,1,1,1,36.582733154296875,28.63468360900879,7.948049545288086
14,BACE_2,1,1,0,0,71.69625091552734,79.42008972167969,7.723838806152344
14,BACE_263,236,1,0,0,43.87245559692383,49.98080062866211,6.108345031738281
14,BACE_257,230,1,0,0,65.2490005493164,74.29745483398438,9.048454284667969
14,BACE_22,21,1,0,0,52.38456344604492,52.4083251953125,0.023761749267578125
15,BACE_126,124,0,1,0,71.14956665039062,64.83805847167969,6.3115081787109375
15,BACE_168,166,0,1,0,45.94589614868164,44.792808532714844,1.1530876159667969
15,BACE_112,110,0,0,1,29.63563346862793,31.335054397583008,1.6994209289550781
15,BACE_186,184,0,1,0,44.80242919921875,43.54468536376953,1.2577438354492188
15,BACE_124,122,0,1,0,47.648902893066406,45.246978759765625,2.4019241333007812
15,BACE_65,64,1,1,1,71.62413024902344,70.08438110351562,1.5397491455078125
15,BACE_247,220,1,0,0,41.681156158447266,43.23209762573242,1.5509414672851562
15,BACE_2,1,1,0,0,73.97271728515625,75.51092529296875,1.5382080078125
15,BACE_253,226,1,1,1,56.8674430847168,51.239219665527344,5.628223419189453
15,BACE_261,234,1,1,1,59.873897552490234,53.481468200683594,6.392429351806641
16,BACE_133,131,0,0,1,36.73500061035156,58.22343444824219,21.488433837890625
16,BACE_154,152,0,0,1,28.83247947692871,41.907108306884766,13.074628829956055
16,BACE_157,155,0,0,1,36.0513916015625,60.72949981689453,24.67810821533203
16,BACE_159,157,0,0,1,33.276763916015625,65.76980590820312,32.4930419921875
16,BACE_201,199,0,0,1,31.181364059448242,63.029170989990234,31.847806930541992
16,BACE_56,55,1,0,0,45.87715148925781,52.891029357910156,7.013877868652344
16,BACE_11,10,1,0,0,53.394039154052734,59.75122833251953,6.357189178466797
16,BACE_21,20,1,0,0,42.939022064208984,52.200843811035156,9.261821746826172
16,BACE_93,92,1,1,1,68.12377166748047,53.92918014526367,14.194591522216797
16,BACE_60,59,1,1,1,79.70271301269531,57.9096794128418,21.793033599853516
17,BACE_134,132,0,0,1,56.882259368896484,67.72207641601562,10.83981704711914
17,BACE_186,184,0,0,1,55.678314208984375,67.04903411865234,11.370719909667969
17,BACE_179,177,0,0,1,39.766841888427734,65.42755126953125,25.660709381103516
17,BACE_155,153,0,0,1,63.301761627197266,70.75934600830078,7.457584381103516
17,BACE_204,202,0,0,1,51.80708694458008,60.74553298950195,8.938446044921875
17,BACE_82,81,1,0,0,40.7293815612793,44.542442321777344,3.813060760498047
17,BACE_260,233,1,0,0,38.4018440246582,48.094139099121094,9.69229507446289
17,BACE_253,226,1,0,0,56.22828674316406,70.63941192626953,14.411125183105469
17,BACE_30,29,1,1,1,39.61775588989258,30.992488861083984,8.625267028808594
17,BACE_94,93,1,0,0,80.2190933227539,98.30245971679688,18.08336639404297
18,BACE_169,167,0,0,1,25.11411476135254,74.09459686279297,48.98048210144043
18,BACE_143,141,0,0,1,35.36860656738281,71.77666473388672,36.408058166503906
18,BACE_150,148,0,0,1,44.134620666503906,54.008026123046875,9.873405456542969
18,BACE_166,164,0,0,1,26.180315017700195,78.54764556884766,52.36733055114746
18,BACE_109,107,0,1,0,93.01367950439453,67.93821716308594,25.075462341308594
18,BACE_32,31,1,0,0,39.93353271484375,48.99578094482422,9.062248229980469
18,BACE_36,35,1,0,0,40.827579498291016,84.52190399169922,43.6943244934082
18,BACE_264,237,1,0,0,44.577362060546875,75.13321685791016,30.55585479736328
18,BACE_8,7,1,0,0,73.50545501708984,91.77772521972656,18.27227020263672
18,BACE_260,233,1,0,0,40.55560302734375,72.33186340332031,31.776260375976562
19,BACE_121,119,0,0,1,45.08533477783203,50.92116928100586,5.835834503173828
19,BACE_173,171,0,0,1,44.109901428222656,51.184364318847656,7.074462890625
19,BACE_107,105,0,0,1,72.92674255371094,74.37300872802734,1.4462661743164062
19,BACE_179,177,0,0,1,40.71338653564453,56.21958923339844,15.506202697753906
19,BACE_149,147,0,1,0,44.93108367919922,43.390438079833984,1.5406455993652344
19,BACE_51,50,1,0,0,58.955787658691406,74.15864562988281,15.202857971191406
19,BACE_267,240,1,0,0,38.837120056152344,52.9559440612793,14.118824005126953
19,BACE_8,7,1,0,0,75.92350769042969,83.93266296386719,8.0091552734375
19,BACE_43,42,1,1,1,39.08058166503906,29.229188919067383,9.85139274597168
19,BACE_87,86,1,1,1,39.69017791748047,31.292112350463867,8.398065567016602
20,BACE_200,198,0,0,1,24.60319709777832,48.38811111450195,23.784914016723633
20,BACE_176,174,0,1,0,81.8315658569336,72.72377014160156,9.107795715332031
20,BACE_205,203,0,0,1,28.13749885559082,51.8114128112793,23.673913955688477
20,BACE_191,189,0,0,1,28.63560676574707,52.5937614440918,23.958154678344727
20,BACE_104,102,0,1,0,56.9751091003418,49.590087890625,7.385021209716797
20,BACE_9,8,1,1,1,65.88148498535156,55.493141174316406,10.388343811035156
20,BACE_23,22,1,1,1,58.4625129699707,50.952144622802734,7.510368347167969
20,BACE_94,93,1,1,1,94.96814727783203,84.45342254638672,10.514724731445312
20,BACE_74,73,1,1,1,47.34754180908203,35.27476501464844,12.072776794433594
20,BACE_67,66,1,1,1,46.47421646118164,42.20167922973633,4.2725372314453125
21,BACE_152,150,0,0,1,52.60302734375,63.80542755126953,11.202400207519531
21,BACE_108,106,0,1,0,68.8324966430664,34.410362243652344,34.42213439941406
21,BACE_205,203,0,0,1,27.53693962097168,75.90721130371094,48.37027168273926
21,BACE_103,101,0,1,0,65.15925598144531,63.032867431640625,2.1263885498046875
21,BACE_153,151,0,0,1,23.61040687561035,52.36573791503906,28.75533103942871
21,BACE_71,70,1,1,1,51.23333740234375,42.29739761352539,8.93593978881836
21,BACE_67,66,1,0,0,50.511905670166016,56.52727127075195,6.0153656005859375
21,BACE_27,26,1,1,1,49.14309310913086,41.34333038330078,7.799762725830078
21,BACE_65,64,1,1,1,88.30996704101562,81.79109191894531,6.5188751220703125
21,BACE_240,213,1,1,1,87.84696960449219,81.64948272705078,6.197486877441406
22,BACE_126,124,0,1,0,59.324459075927734,56.009613037109375,3.3148460388183594
22,BACE_140,138,0,1,0,58.19514465332031,55.90929412841797,2.2858505249023438
22,BACE_178,176,0,1,0,44.497047424316406,43.27615737915039,1.2208900451660156
22,BACE_166,164,0,0,1,35.27006912231445,45.14778518676758,9.877716064453125
22,BACE_191,189,0,0,1,59.53200912475586,62.6325569152832,3.1005477905273438
22,BACE_87,86,1,1,1,48.37477111816406,25.924055099487305,22.450716018676758
22,BACE_253,226,1,1,1,60.41250991821289,60.25929641723633,0.1532135009765625
22,BACE_1,0,1,0,0,36.17673110961914,44.12609100341797,7.949359893798828
22,BACE_262,235,1,0,0,54.215736389160156,64.72904968261719,10.513313293457031
22,BACE_63,62,1,1,1,55.146034240722656,34.94465255737305,20.20138168334961
23,BACE_201,199,0,0,1,46.026851654052734,47.8714485168457,1.8445968627929688
23,BACE_144,142,0,1,0,51.488155364990234,50.22300720214844,1.2651481628417969
23,BACE_191,189,0,0,1,48.4040641784668,49.80673599243164,1.4026718139648438
23,BACE_175,173,0,1,0,46.16131591796875,45.671791076660156,0.48952484130859375
23,BACE_187,185,0,0,1,24.745101928710938,55.638790130615234,30.893688201904297
23,BACE_21,20,1,1,1,41.82905578613281,28.44342803955078,13.385627746582031
23,BACE_52,51,1,0,0,39.29624557495117,60.59505844116211,21.298812866210938
23,BACE_66,65,1,1,1,103.99494934082031,90.09668731689453,13.898262023925781
23,BACE_50,49,1,1,1,43.8536262512207,30.369855880737305,13.483770370483398
23,BACE_45,44,1,1,1,74.30479431152344,65.77899169921875,8.525802612304688
24,BACE_114,112,0,0,1,136.28009033203125,136.6407470703125,0.36065673828125
24,BACE_188,186,0,0,1,47.057945251464844,48.39082336425781,1.3328781127929688
24,BACE_178,176,0,1,0,39.3795166015625,38.479007720947266,0.9005088806152344
24,BACE_186,184,0,1,0,49.88436508178711,47.295772552490234,2.588592529296875
24,BACE_163,161,0,0,1,32.31934356689453,41.428977966308594,9.109634399414062
24,BACE_53,52,1,0,0,49.50563049316406,51.30155944824219,1.795928955078125
24,BACE_30,29,1,0,0,32.968387603759766,33.8578987121582,0.8895111083984375
24,BACE_1,0,1,0,0,26.30741310119629,35.519474029541016,9.212060928344727
24,BACE_23,22,1,0,0,40.86708450317383,45.2557487487793,4.388664245605469
24,BACE_93,92,1,0,0,53.32927703857422,64.58029174804688,11.251014709472656
25,BACE_150,148,0,1,0,46.79185485839844,45.771018981933594,1.0208358764648438
25,BACE_124,122,0,0,1,36.334259033203125,49.66814041137695,13.333881378173828
25,BACE_188,186,0,0,1,41.02791213989258,53.22032165527344,12.19240951538086
25,BACE_112,110,0,0,1,26.31045913696289,35.73325729370117,9.422798156738281
25,BACE_176,174,0,0,1,60.20252990722656,77.80609893798828,17.60356903076172
25,BACE_95,94,1,0,0,43.257564544677734,53.621883392333984,10.36431884765625
25,BACE_240,213,1,0,0,83.45446014404297,84.37672424316406,0.9222640991210938
25,BACE_93,92,1,0,0,40.956539154052734,70.01466369628906,29.058124542236328
25,BACE_253,226,1,1,1,62.08205795288086,56.39864730834961,5.68341064453125
25,BACE_99,97,1,0,0,30.147483825683594,57.573612213134766,27.426128387451172
26,BACE_155,153,0,0,1,58.92023468017578,64.04743957519531,5.127204895019531
26,BACE_194,192,0,0,1,46.63786315917969,56.747230529785156,10.109367370605469
26,BACE_149,147,0,0,1,44.11162567138672,46.5637092590332,2.4520835876464844
26,BACE_129,127,0,0,1,38.064788818359375,42.329620361328125,4.26483154296875
26,BACE_145,143,0,1,0,38.69939041137695,37.2425537109375,1.4568367004394531
26,BACE_67,66,1,1,1,45.03150177001953,43.010868072509766,2.0206336975097656
26,BACE_252,225,1,1,1,55.07498550415039,54.72175979614258,0.3532257080078125
26,BACE_20,19,1,0,0,41.10198211669922,42.49025344848633,1.3882713317871094
26,BACE_29,28,1,1,1,56.15534973144531,46.86063766479492,9.29471206665039
26,BACE_31,30,1,1,1,86.60521697998047,79.52037048339844,7.084846496582031
27,BACE_178,176,0,0,1,32.89069366455078,38.75566864013672,5.8649749755859375
27,BACE_177,175,0,0,1,27.122356414794922,36.54923629760742,9.4268798828125
27,BACE_166,164,0,0,1,35.771976470947266,36.18394088745117,0.41196441650390625
27,BACE_154,152,0,1,0,41.69135284423828,35.37324523925781,6.318107604980469
27,BACE_205,203,0,0,1,28.393442153930664,48.96675491333008,20.573312759399414
27,BACE_260,233,1,0,0,35.570655822753906,35.62373352050781,0.05307769775390625
27,BACE_7,6,1,1,1,48.67194366455078,48.33265686035156,0.33928680419921875
27,BACE_258,231,1,0,0,50.28303527832031,53.1709098815918,2.8878746032714844
27,BACE_83,82,1,1,1,109.18296813964844,98.52657318115234,10.656394958496094
27,BACE_234,207,1,1,1,42.97858428955078,31.735206604003906,11.243377685546875
28,BACE_145,143,0,1,0,43.297454833984375,37.723907470703125,5.57354736328125
28,BACE_194,192,0,0,1,26.233367919921875,49.89745330810547,23.664085388183594
28,BACE_200,198,0,0,1,31.749187469482422,49.65183639526367,17.90264892578125
28,BACE_129,127,0,0,1,26.819664001464844,40.00300598144531,13.183341979980469
28,BACE_144,142,0,0,1,34.92341232299805,48.40882110595703,13.485408782958984
28,BACE_35,34,1,0,0,32.74345016479492,41.56440734863281,8.82095718383789
28,BACE_231,204,1,1,1,143.38380432128906,141.86412048339844,1.519683837890625
28,BACE_28,27,1,0,0,39.675209045410156,47.36124801635742,7.686038970947266
28,BACE_251,224,1,1,1,87.44354248046875,84.74861907958984,2.6949234008789062
28,BACE_266,239,1,0,0,30.19564437866211,45.83222961425781,15.636585235595703
29,BACE_190,188,0,0,1,31.33665657043457,38.27470016479492,6.938043594360352
29,BACE_139,137,0,1,0,38.94477462768555,31.42623519897461,7.5185394287109375
29,BACE_109,107,0,0,1,84.48384094238281,100.41207885742188,15.928237915039062
29,BACE_126,124,0,0,1,48.815643310546875,64.6967544555664,15.881111145019531
29,BACE_140,138,0,1,0,58.6491813659668,42.30693435668945,16.342247009277344
29,BACE_83,82,1,0,0,103.76878356933594,103.8788833618164,0.11009979248046875
29,BACE_60,59,1,0,0,51.89427185058594,68.72372436523438,16.829452514648438
29,BACE_90,89,1,1,1,45.42770004272461,41.297725677490234,4.129974365234375
29,BACE_56,55,1,1,1,44.57735824584961,41.07618713378906,3.501171112060547
29,BACE_20,19,1,1,1,48.327911376953125,41.87080383300781,6.4571075439453125
30,BACE_112,110,0,0,1,35.73844909667969,38.03738021850586,2.298931121826172
30,BACE_108,106,0,0,1,35.09446334838867,43.397708892822266,8.303245544433594
30,BACE_106,104,0,0,1,43.80534744262695,52.002525329589844,8.19717788696289
30,BACE_205,203,0,1,0,72.60079193115234,61.163516998291016,11.437274932861328
30,BACE_124,122,0,1,0,59.02832794189453,52.32590103149414,6.702426910400391
30,BACE_232,205,1,1,1,77.07273864746094,67.02058410644531,10.052154541015625
30,BACE_24,23,1,1,1,60.47416687011719,52.93600845336914,7.538158416748047
30,BACE_257,230,1,1,1,84.90702819824219,81.81362915039062,3.0933990478515625
30,BACE_47,46,1,0,0,47.64353942871094,54.49570083618164,6.852161407470703
30,BACE_231,204,1,1,1,137.04859924316406,133.3694610595703,3.67913818359375
31,BACE_161,159,0,0,1,40.32942199707031,46.204586029052734,5.875164031982422
31,BACE_121,119,0,1,0,50.817115783691406,44.56502151489258,6.252094268798828
31,BACE_106,104,0,0,1,51.48951721191406,51.812477111816406,0.32295989990234375
31,BACE_190,188,0,0,1,29.829864501953125,47.1802864074707,17.350421905517578
31,BACE_133,131,0,0,1,54.06763458251953,58.5464973449707,4.478862762451172
31,BACE_261,234,1,0,0,39.54726028442383,56.16741943359375,16.620159149169922
31,BACE_53,52,1,0,0,34.72768783569336,43.06221008300781,8.334522247314453
31,BACE_23,22,1,1,1,58.29445266723633,36.02360916137695,22.270843505859375
31,BACE_65,64,1,1,1,90.82119750976562,69.3795166015625,21.441680908203125
31,BACE_27,26,1,0,0,29.679527282714844,37.80580520629883,8.126277923583984
32,BACE_112,110,0,1,0,34.806392669677734,31.47157096862793,3.3348217010498047
32,BACE_197,195,0,0,1,27.71188735961914,46.673004150390625,18.961116790771484
32,BACE_167,165,0,0,1,51.171363830566406,53.99864959716797,2.8272857666015625
32,BACE_103,101,0,1,0,64.73822784423828,57.235435485839844,7.5027923583984375
32,BACE_202,200,0,0,1,41.161922454833984,65.25415802001953,24.092235565185547
32,BACE_100,98,1,0,0,42.54539108276367,43.624542236328125,1.0791511535644531
32,BACE_31,30,1,1,1,96.46961975097656,75.78257751464844,20.687042236328125
32,BACE_263,236,1,0,0,36.896812438964844,63.54676818847656,26.64995574951172
32,BACE_36,35,1,0,0,32.40983581542969,57.038719177246094,24.628883361816406
32,BACE_242,215,1,0,0,66.23442840576172,67.41316986083984,1.178741455078125
33,BACE_205,203,0,0,1,34.726688385009766,68.20216369628906,33.4754753112793
33,BACE_164,162,0,1,0,75.43753814697266,72.18275451660156,3.2547836303710938
33,BACE_150,148,0,1,0,50.031856536865234,41.33627700805664,8.695579528808594
33,BACE_178,176,0,0,1,30.137266159057617,50.658485412597656,20.52121925354004
33,BACE_202,200,0,0,1,31.602930068969727,70.4374008178711,38.83447074890137
33,BACE_257,230,1,0,0,71.42782592773438,79.16673278808594,7.7389068603515625
33,BACE_83,82,1,1,1,110.20333862304688,78.9988021850586,31.20453643798828
33,BACE_72,71,1,0,0,65.05461883544922,76.71586608886719,11.661247253417969
33,BACE_8,7,1,0,0,74.96214294433594,83.05518341064453,8.093040466308594
33,BACE_239,212,1,1,1,83.31665802001953,68.14110565185547,15.175552368164062
34,BACE_153,151,0,0,1,22.376708984375,47.36787414550781,24.991165161132812
34,BACE_167,165,0,0,1,53.95797348022461,67.27741241455078,13.319438934326172
34,BACE_155,153,0,0,1,52.8680305480957,76.6945571899414,23.826526641845703
34,BACE_186,184,0,0,1,34.25924301147461,71.94503021240234,37.685787200927734
34,BACE_159,157,0,0,1,36.819053649902344,73.77157592773438,36.95252227783203
34,BACE_20,19,1,1,1,54.106964111328125,53.03877639770508,1.0681877136230469
34,BACE_52,51,1,0,0,35.12068176269531,49.138877868652344,14.018196105957031
34,BACE_88,87,1,1,1,141.62867736816406,118.29683685302734,23.33184051513672
34,BACE_235,208,1,0,0,58.755191802978516,69.10458374023438,10.34939193725586
34,BACE_266,239,1,0,0,36.91825485229492,66.24608612060547,29.327831268310547
35,BACE_117,115,0,1,0,72.2321548461914,49.25942611694336,22.972728729248047
35,BACE_158,156,0,0,1,40.679500579833984,65.25704193115234,24.57754135131836
35,BACE_145,143,0,1,0,37.94860076904297,33.23569107055664,4.712909698486328
35,BACE_141,139,0,1,0,50.967323303222656,48.853271484375,2.1140518188476562
35,BACE_168,166,0,1,0,64.3054428100586,62.19942092895508,2.1060218811035156
35,BACE_253,226,1,1,1,69.14838409423828,66.61986541748047,2.5285186767578125
35,BACE_247,220,1,0,0,49.43495559692383,51.328887939453125,1.8939323425292969
35,BACE_74,73,1,0,0,51.950538635253906,56.93723678588867,4.986698150634766
35,BACE_93,92,1,0,0,48.145965576171875,58.5953369140625,10.449371337890625
35,BACE_261,234,1,1,1,69.95733642578125,64.97288513183594,4.9844512939453125
36,BACE_152,150,0,0,1,51.49353790283203,52.5150260925293,1.0214881896972656
36,BACE_147,145,0,1,0,53.9590950012207,45.92539596557617,8.033699035644531
36,BACE_124,122,0,0,1,28.39385414123535,41.721656799316406,13.327802658081055
36,BACE_171,169,0,0,1,26.93124008178711,47.2728385925293,20.341598510742188
36,BACE_118,116,0,0,1,54.98556900024414,58.880950927734375,3.8953819274902344
36,BACE_47,46,1,1,1,56.02780532836914,54.52025604248047,1.5075492858886719
36,BACE_234,207,1,1,1,55.34477996826172,46.883453369140625,8.461326599121094
36,BACE_60,59,1,1,1,66.13716888427734,61.97749710083008,4.159671783447266
36,BACE_247,220,1,0,0,38.861976623535156,39.461341857910156,0.599365234375
36,BACE_63,62,1,1,1,51.81685256958008,26.865497589111328,24.95135498046875
37,BACE_137,135,0,1,0,65.16902923583984,50.931636810302734,14.23739242553711
37,BACE_159,157,0,0,1,36.78057098388672,60.27006530761719,23.48949432373047
37,BACE_104,102,0,1,0,48.27309799194336,36.05193328857422,12.22116470336914
37,BACE_169,167,0,1,0,36.283653259277344,28.454540252685547,7.829113006591797
37,BACE_154,152,0,1,0,27.108190536499023,26.561437606811523,0.5467529296875
37,BACE_64,63,1,1,1,65.48175048828125,44.66485595703125,20.81689453125
37,BACE_267,240,1,0,0,36.53318786621094,51.15134811401367,14.618160247802734
37,BACE_235,208,1,0,0,47.72713851928711,55.44873046875,7.721591949462891
37,BACE_23,22,1,1,1,55.82785415649414,39.49485778808594,16.332996368408203
37,BACE_2,1,1,1,1,85.10584259033203,61.59061813354492,23.51522445678711
38,BACE_139,137,0,0,1,31.41350746154785,56.049766540527344,24.636259078979492
38,BACE_109,107,0,1,0,124.45233917236328,99.2496566772461,25.202682495117188
38,BACE_152,150,0,0,1,58.8546142578125,62.376922607421875,3.522308349609375
38,BACE_204,202,0,0,1,28.39043426513672,50.802547454833984,22.412113189697266
38,BACE_182,180,0,0,1,37.571590423583984,53.33139419555664,15.759803771972656
38,BACE_19,18,1,1,1,54.53554153442383,27.307050704956055,27.228490829467773
38,BACE_258,231,1,0,0,52.22772979736328,69.2083740234375,16.98064422607422
38,BACE_11,10,1,1,1,62.43641662597656,29.07828140258789,33.35813522338867
38,BACE_31,30,1,1,1,107.94913482666016,74.0832290649414,33.86590576171875
38,BACE_257,230,1,0,0,81.60293579101562,86.53138732910156,4.9284515380859375
39,BACE_145,143,0,1,0,42.591148376464844,41.94627380371094,0.6448745727539062
39,BACE_173,171,0,0,1,46.439937591552734,51.458194732666016,5.018257141113281
39,BACE_187,185,0,0,1,29.53119468688965,46.55900955200195,17.027814865112305
39,BACE_188,186,0,0,1,29.777551651000977,49.2618408203125,19.484289169311523
39,BACE_200,198,0,0,1,47.84003829956055,68.16140747070312,20.321369171142578
39,BACE_12,11,1,1,1,32.084678649902344,32.01995849609375,0.06472015380859375
39,BACE_22,21,1,1,1,51.187408447265625,41.86827850341797,9.319129943847656
39,BACE_46,45,1,0,0,41.2393684387207,51.28484344482422,10.045475006103516
39,BACE_47,46,1,0,0,51.25034713745117,60.68404006958008,9.433692932128906
39,BACE_57,56,1,0,0,74.87643432617188,82.6236801147461,7.747245788574219
40,BACE_204,202,0,1,0,87.52948760986328,45.165130615234375,42.364356994628906
40,BACE_103,101,0,1,0,84.97456359863281,64.65098571777344,20.323577880859375
40,BACE_177,175,0,1,0,86.55293273925781,43.15707015991211,43.3958625793457
40,BACE_145,143,0,1,0,64.34546661376953,41.13694763183594,23.208518981933594
40,BACE_168,166,0,1,0,101.9942855834961,58.03595733642578,43.95832824707031
40,BACE_63,62,1,1,1,68.47921752929688,41.899696350097656,26.57952117919922
40,BACE_261,234,1,1,1,87.74613189697266,52.54831314086914,35.197818756103516
40,BACE_100,98,1,1,1,78.04239654541016,44.776065826416016,33.26633071899414
40,BACE_19,18,1,1,1,60.66046142578125,39.53514862060547,21.12531280517578
40,BACE_267,240,1,1,1,86.48627471923828,42.087158203125,44.39911651611328
41,BACE_133,131,0,0,1,44.85005569458008,53.584373474121094,8.734317779541016
41,BACE_154,152,0,0,1,23.137989044189453,38.58338928222656,15.44540023803711
41,BACE_130,128,0,1,0,56.249996185302734,55.67819595336914,0.5718002319335938
41,BACE_107,105,0,1,0,80.82664489746094,79.76252746582031,1.064117431640625
41,BACE_106,104,0,1,0,53.83822250366211,49.636932373046875,4.201290130615234
41,BACE_95,94,1,0,0,35.529571533203125,51.53805160522461,16.008480072021484
41,BACE_27,26,1,0,0,34.02532196044922,37.912498474121094,3.887176513671875
41,BACE_231,204,1,1,1,151.22251892089844,129.32046508789062,21.902053833007812
41,BACE_65,64,1,1,1,85.11848449707031,65.79386901855469,19.324615478515625
41,BACE_87,86,1,1,1,45.874000549316406,31.796031951904297,14.07796859741211
42,BACE_108,106,0,0,1,48.567169189453125,59.60727310180664,11.040103912353516
42,BACE_182,180,0,0,1,16.199108123779297,29.100757598876953,12.901649475097656
42,BACE_164,162,0,1,0,70.43327331542969,55.40754699707031,15.025726318359375
42,BACE_159,157,0,0,1,45.912899017333984,49.880924224853516,3.9680252075195312
42,BACE_126,124,0,1,0,60.937713623046875,57.63165283203125,3.306060791015625
42,BACE_7,6,1,0,0,60.2586784362793,65.10700225830078,4.848323822021484
42,BACE_58,57,1,1,1,81.77770233154297,73.45709991455078,8.320602416992188
42,BACE_263,236,1,1,1,41.95820236206055,31.829795837402344,10.128406524658203
42,BACE_10,9,1,0,0,49.97952651977539,63.785282135009766,13.805755615234375
42,BACE_36,35,1,1,1,36.25865173339844,27.47883415222168,8.779817581176758
43,BACE_182,180,0,0,1,36.85372543334961,57.58943176269531,20.735706329345703
43,BACE_194,192,0,0,1,16.01393699645996,71.84242248535156,55.8284854888916
43,BACE_117,115,0,1,0,84.38066864013672,48.190345764160156,36.19032287597656
43,BACE_149,147,0,1,0,71.66112518310547,52.768062591552734,18.893062591552734
43,BACE_137,135,0,1,0,76.3687744140625,71.64783477783203,4.720939636230469
43,BACE_266,239,1,0,0,29.362428665161133,64.53230285644531,35.16987419128418
43,BACE_267,240,1,0,0,29.19730567932129,61.810401916503906,32.61309623718262
43,BACE_239,212,1,1,1,80.43695068359375,69.5353775024414,10.901573181152344
43,BACE_63,62,1,1,1,53.49585723876953,34.54178237915039,18.95407485961914
43,BACE_87,86,1,1,1,65.20275115966797,32.97409439086914,32.22865676879883
44,BACE_152,150,0,0,1,56.33141326904297,75.60650634765625,19.27509307861328
44,BACE_164,162,0,0,1,72.24940490722656,90.30622863769531,18.05682373046875
44,BACE_122,120,0,0,1,43.13892364501953,71.1029052734375,27.96398162841797
44,BACE_194,192,0,0,1,44.615684509277344,60.36294174194336,15.747257232666016
44,BACE_174,172,0,0,1,48.25840759277344,58.48683547973633,10.22842788696289
44,BACE_88,87,1,1,1,121.87701416015625,109.31585693359375,12.5611572265625
44,BACE_11,10,1,0,0,39.24751663208008,51.884918212890625,12.637401580810547
44,BACE_43,42,1,1,1,36.759979248046875,30.861886978149414,5.898092269897461
44,BACE_242,215,1,0,0,73.01564025878906,93.33850860595703,20.32286834716797
44,BACE_81,80,1,0,0,57.501651763916016,76.15023803710938,18.64858627319336
45,BACE_126,124,0,0,1,56.13621139526367,56.44148635864258,0.30527496337890625
45,BACE_157,155,0,1,0,49.5228271484375,46.764034271240234,2.7587928771972656
45,BACE_204,202,0,0,1,41.21635437011719,48.1829948425293,6.966640472412109
45,BACE_205,203,0,0,1,47.79929733276367,50.66600799560547,2.866710662841797
45,BACE_168,166,0,0,1,48.34333038330078,48.64866638183594,0.30533599853515625
45,BACE_32,31,1,0,0,39.95316696166992,56.192832946777344,16.239665985107422
45,BACE_66,65,1,0,0,97.61144256591797,112.12957000732422,14.51812744140625
45,BACE_253,226,1,1,1,52.6038932800293,42.556724548339844,10.047168731689453
45,BACE_2,1,1,0,0,73.48460388183594,87.42323303222656,13.938629150390625
45,BACE_258,231,1,1,1,46.30112838745117,32.909584045410156,13.391544342041016
46,BACE_124,122,0,0,1,45.64643096923828,47.01401901245117,1.3675880432128906
46,BACE_133,131,0,0,1,47.800758361816406,55.823184967041016,8.02242660522461
46,BACE_196,194,0,0,1,41.40097427368164,45.84150695800781,4.440532684326172
46,BACE_201,199,0,0,1,46.155418395996094,56.69469451904297,10.539276123046875
46,BACE_169,167,0,1,0,35.992767333984375,35.40534210205078,0.5874252319335938
46,BACE_232,205,1,0,0,68.74166107177734,80.74292755126953,12.001266479492188
46,BACE_53,52,1,1,1,50.35096740722656,46.247005462646484,4.103961944580078
46,BACE_100,98,1,0,0,29.97303581237793,41.553436279296875,11.580400466918945
46,BACE_253,226,1,1,1,53.40497589111328,51.7833137512207,1.6216621398925781
46,BACE_30,29,1,0,0,30.842609405517578,40.81700897216797,9.97439956665039
47,BACE_155,153,0,0,1,45.772850036621094,61.36155700683594,15.588706970214844
47,BACE_178,176,0,0,1,26.094932556152344,42.500240325927734,16.40530776977539
47,BACE_167,165,0,0,1,43.761024475097656,62.73738479614258,18.976360321044922
47,BACE_190,188,0,1,0,53.308448791503906,48.82695388793945,4.481494903564453
47,BACE_175,173,0,0,1,22.1758975982666,60.412296295166016,38.236398696899414
47,BACE_261,234,1,0,0,44.9251823425293,55.959747314453125,11.034564971923828
47,BACE_260,233,1,0,0,36.1428108215332,48.326416015625,12.183605194091797
47,BACE_235,208,1,0,0,46.519195556640625,62.725406646728516,16.20621109008789
47,BACE_31,30,1,1,1,104.67089080810547,81.3735122680664,23.297378540039062
47,BACE_99,97,1,1,1,50.308895111083984,39.96776580810547,10.341129302978516
48,BACE_188,186,0,0,1,35.38713836669922,40.00494384765625,4.617805480957031
48,BACE_164,162,0,1,0,79.19935607910156,68.04230499267578,11.157051086425781
48,BACE_140,138,0,0,1,37.48318862915039,56.77190017700195,19.288711547851562
48,BACE_194,192,0,0,1,25.009775161743164,56.44630432128906,31.4365291595459
48,BACE_205,203,0,0,1,30.033905029296875,57.592960357666016,27.55905532836914
48,BACE_10,9,1,1,1,62.94223403930664,44.86757278442383,18.074661254882812
48,BACE_67,66,1,1,1,48.45736312866211,35.272308349609375,13.185054779052734
48,BACE_232,205,1,1,1,80.06231689453125,73.03978729248047,7.022529602050781
48,BACE_83,82,1,1,1,111.98006439208984,90.40768432617188,21.57238006591797
48,BACE_264,237,1,1,1,43.77704620361328,42.592403411865234,1.1846427917480469
49,BACE_166,164,0,0,1,24.764301300048828,79.95372772216797,55.18942642211914
49,BACE_118,116,0,0,1,58.927494049072266,96.05166625976562,37.12417221069336
49,BACE_186,184,0,0,1,45.80814743041992,91.70462036132812,45.8964729309082
49,BACE_109,107,0,1,0,98.01416015625,79.54046630859375,18.47369384765625
49,BACE_153,151,0,0,1,26.721601486206055,81.03086853027344,54.30926704406738
49,BACE_19,18,1,0,0,40.44590377807617,50.71115493774414,10.265251159667969
49,BACE_232,205,1,1,1,83.12022399902344,72.84063720703125,10.279586791992188
49,BACE_57,56,1,0,0,81.57720184326172,102.86650085449219,21.28929901123047
49,BACE_72,71,1,0,0,66.25598907470703,95.5744857788086,29.318496704101562
49,BACE_86,85,1,0,0,40.38211441040039,88.30008697509766,47.917972564697266
50,BACE_194,192,0,0,1,55.15007400512695,60.05996322631836,4.909889221191406
50,BACE_107,105,0,0,1,67.62788391113281,76.5053482055664,8.877464294433594
50,BACE_112,110,0,0,1,36.03517532348633,38.17963790893555,2.1444625854492188
50,BACE_124,122,0,0,1,28.987152099609375,40.40596008300781,11.418807983398438
50,BACE_201,199,0,0,1,55.340293884277344,60.06681823730469,4.726524353027344
50,BACE_262,235,1,0,0,52.902488708496094,61.86155700683594,8.959068298339844
50,BACE_95,94,1,0,0,35.524879455566406,43.681034088134766,8.15615463256836
50,BACE_35,34,1,1,1,56.94484329223633,47.21803283691406,9.726810455322266
50,BACE_65,64,1,1,1,91.91014099121094,77.51724243164062,14.392898559570312
50,BACE_8,7,1,1,1,71.84044647216797,62.027244567871094,9.813201904296875
51,BACE_172,170,0,0,1,28.918426513671875,51.13411331176758,22.215686798095703
51,BACE_182,180,0,0,1,32.48834991455078,44.33415222167969,11.845802307128906
51,BACE_130,128,0,0,1,48.97420883178711,56.15703201293945,7.182823181152344
51,BACE_124,122,0,0,1,35.420997619628906,48.55195617675781,13.130958557128906
51,BACE_153,151,0,0,1,34.619815826416016,45.11020278930664,10.490386962890625
51,BACE_20,19,1,1,1,50.15371322631836,37.2792854309082,12.874427795410156
51,BACE_83,82,1,1,1,100.36235046386719,78.73480987548828,21.627540588378906
51,BACE_52,51,1,0,0,42.43630599975586,52.84796142578125,10.41165542602539
51,BACE_239,212,1,1,1,91.23796844482422,68.57720184326172,22.6607666015625
51,BACE_30,29,1,1,1,45.9906005859375,31.092971801757812,14.897628784179688
52,BACE_104,102,0,1,0,55.44750213623047,53.78606033325195,1.6614418029785156
52,BACE_204,202,0,0,1,31.66136932373047,47.22576904296875,15.564399719238281
52,BACE_157,155,0,0,1,38.432071685791016,48.12809371948242,9.696022033691406
52,BACE_167,165,0,0,1,44.876895904541016,57.655696868896484,12.778800964355469
52,BACE_154,152,0,1,0,26.574739456176758,23.803630828857422,2.771108627319336
52,BACE_65,64,1,1,1,86.48434448242188,83.31343841552734,3.1709060668945312
52,BACE_93,92,1,1,1,62.94563674926758,52.1588249206543,10.786811828613281
52,BACE_56,55,1,0,0,42.69255828857422,45.764610290527344,3.072052001953125
52,BACE_100,98,1,0,0,37.746826171875,42.50657272338867,4.759746551513672
52,BACE_262,235,1,0,0,42.06514358520508,55.32699203491211,13.261848449707031
53,BACE_173,171,0,1,0,56.900028228759766,42.760231018066406,14.13979721069336
53,BACE_169,167,0,1,0,37.90552520751953,36.074134826660156,1.831390380859375
53,BACE_158,156,0,1,0,61.935787200927734,48.99312973022461,12.942657470703125
53,BACE_168,166,0,0,1,31.600322723388672,68.65425109863281,37.05392837524414
53,BACE_130,128,0,1,0,58.80199432373047,55.063377380371094,3.738616943359375
53,BACE_11,10,1,1,1,48.42990493774414,41.144432067871094,7.285472869873047
53,BACE_239,212,1,0,0,74.65151977539062,88.13020324707031,13.478683471679688
53,BACE_63,62,1,0,0,40.647430419921875,45.70835876464844,5.0609283447265625
53,BACE_51,50,1,1,1,56.17851638793945,55.17710494995117,1.0014114379882812
53,BACE_75,74,1,1,1,134.53990173339844,118.77059936523438,15.769302368164062
54,BACE_108,106,0,1,0,61.398990631103516,34.654335021972656,26.74465560913086
54,BACE_161,159,0,0,1,33.004234313964844,42.656917572021484,9.65268325805664
54,BACE_186,184,0,0,1,36.91129684448242,62.18819046020508,25.276893615722656
54,BACE_105,103,0,1,0,180.36279296875,153.9467315673828,26.416061401367188
54,BACE_158,156,0,1,0,64.03404998779297,44.812744140625,19.22130584716797
54,BACE_90,89,1,0,0,36.59933090209961,44.682334899902344,8.083003997802734
54,BACE_36,35,1,0,0,41.61196517944336,49.7566032409668,8.144638061523438
54,BACE_45,44,1,1,1,76.35832977294922,53.19795227050781,23.160377502441406
54,BACE_266,239,1,0,0,32.14445114135742,54.186832427978516,22.042381286621094
54,BACE_252,225,1,0,0,45.114681243896484,64.33030700683594,19.215625762939453
55,BACE_152,150,0,0,1,58.39820861816406,81.5788803100586,23.18067169189453
55,BACE_193,191,0,0,1,23.38347625732422,56.24658966064453,32.86311340332031
55,BACE_158,156,0,0,1,67.64579772949219,82.09750366210938,14.451705932617188
55,BACE_172,170,0,0,1,56.196475982666016,79.10077667236328,22.904300689697266
55,BACE_182,180,0,0,1,27.98348045349121,67.36708068847656,39.38360023498535
55,BACE_50,49,1,0,0,46.150760650634766,49.6668701171875,3.5161094665527344
55,BACE_86,85,1,0,0,42.18302536010742,73.41815948486328,31.23513412475586
55,BACE_255,228,1,0,0,73.29508209228516,87.70885467529297,14.413772583007812
55,BACE_81,80,1,1,1,81.29009246826172,68.25634765625,13.033744812011719
55,BACE_21,20,1,1,1,47.22758865356445,44.47060012817383,2.756988525390625
56,BACE_172,170,0,0,1,40.86819076538086,53.53001403808594,12.661823272705078
56,BACE_203,201,0,0,1,38.52779006958008,54.779754638671875,16.251964569091797
56,BACE_173,171,0,0,1,51.68603515625,56.52671813964844,4.8406829833984375
56,BACE_177,175,0,0,1,40.68867874145508,49.25523376464844,8.56655502319336
56,BACE_163,161,0,0,1,16.841562271118164,40.16082763671875,23.319265365600586
56,BACE_255,228,1,0,0,65.90666198730469,66.12185668945312,0.2151947021484375
56,BACE_70,69,1,0,0,36.40757369995117,49.07868957519531,12.67111587524414
56,BACE_50,49,1,1,1,43.32037353515625,40.55476379394531,2.7656097412109375
56,BACE_17,16,1,1,1,52.25987243652344,41.96166229248047,10.298210144042969
56,BACE_231,204,1,1,1,150.93516540527344,136.70306396484375,14.232101440429688
57,BACE_107,105,0,1,0,82.55309295654297,80.56143951416016,1.9916534423828125
57,BACE_205,203,0,0,1,36.22766876220703,57.29536056518555,21.067691802978516
57,BACE_196,194,0,0,1,32.263057708740234,50.80642318725586,18.543365478515625
57,BACE_111,109,0,0,1,21.525386810302734,40.63716125488281,19.111774444580078
57,BACE_109,107,0,1,0,106.53238677978516,82.99798583984375,23.534400939941406
57,BACE_82,81,1,1,1,44.2165641784668,42.0938835144043,2.1226806640625
57,BACE_252,225,1,0,0,48.20238494873047,49.52252197265625,1.3201370239257812
57,BACE_90,89,1,1,1,46.75870895385742,40.55767822265625,6.201030731201172
57,BACE_31,30,1,1,1,97.6294937133789,78.10353088378906,19.525962829589844
57,BACE_258,231,1,0,0,44.58220672607422,48.26240158081055,3.680194854736328
58,BACE_172,170,0,1,0,54.34156799316406,47.7069206237793,6.634647369384766
58,BACE_144,142,0,0,1,43.3523063659668,60.27613830566406,16.923831939697266
58,BACE_186,184,0,0,1,34.590755462646484,57.5189094543457,22.92815399169922
58,BACE_145,143,0,1,0,40.564842224121094,26.762495040893555,13.802347183227539
58,BACE_191,189,0,0,1,37.587223052978516,59.76978302001953,22.182559967041016
58,BACE_75,74,1,1,1,138.03623962402344,109.8938980102539,28.14234161376953
58,BACE_12,11,1,1,1,43.93010330200195,18.796043395996094,25.13405990600586
58,BACE_86,85,1,0,0,46.66746139526367,50.486087799072266,3.8186264038085938
58,BACE_60,59,1,1,1,78.46049499511719,59.996944427490234,18.463550567626953
58,BACE_43,42,1,1,1,45.30324935913086,32.01967239379883,13.283576965332031
59,BACE_109,107,0,0,1,78.95085144042969,98.73406982421875,19.783218383789062
59,BACE_166,164,0,1,0,48.929481506347656,27.85515022277832,21.074331283569336
59,BACE_150,148,0,0,1,37.16712951660156,48.834686279296875,11.667556762695312
59,BACE_112,110,0,1,0,35.365692138671875,30.022113800048828,5.343578338623047
59,BACE_175,173,0,1,0,66.92831420898438,44.75354766845703,22.174766540527344
59,BACE_261,234,1,1,1,67.65274810791016,43.128475189208984,24.524272918701172
59,BACE_47,46,1,1,1,52.88035202026367,50.87246322631836,2.0078887939453125
59,BACE_51,50,1,1,1,71.21007537841797,49.42917251586914,21.780902862548828
59,BACE_71,70,1,0,0,37.48725128173828,43.28843307495117,5.801181793212891
59,BACE_30,29,1,0,0,38.04697036743164,42.03112030029297,3.984149932861328
60,BACE_137,135,0,0,1,54.3558235168457,64.53096008300781,10.17513656616211
60,BACE_122,120,0,0,1,42.56905746459961,52.086631774902344,9.517574310302734
60,BACE_106,104,0,0,1,52.670955657958984,55.97004318237305,3.2990875244140625
60,BACE_112,110,0,0,1,30.58858871459961,39.87354278564453,9.284954071044922
60,BACE_205,203,0,0,1,49.90178680419922,59.66893005371094,9.767143249511719
60,BACE_36,35,1,0,0,39.22193908691406,45.673675537109375,6.4517364501953125
60,BACE_57,56,1,0,0,81.31978607177734,86.03359985351562,4.713813781738281
60,BACE_11,10,1,1,1,46.78432846069336,40.03057861328125,6.753749847412109
60,BACE_28,27,1,0,0,39.21167755126953,47.54954147338867,8.33786392211914
60,BACE_90,89,1,0,0,45.07678985595703,45.6077880859375,0.5309982299804688
61,BACE_171,169,0,0,1,22.05748176574707,45.522056579589844,23.464574813842773
61,BACE_121,119,0,1,0,46.33686065673828,43.42207336425781,2.9147872924804688
61,BACE_201,199,0,0,1,29.49907112121582,54.87027359008789,25.37120246887207
61,BACE_152,150,0,0,1,48.403587341308594,57.4795036315918,9.075916290283203
61,BACE_204,202,0,0,1,29.504335403442383,51.41910171508789,21.914766311645508
61,BACE_8,7,1,1,1,76.12255096435547,70.87346649169922,5.24908447265625
61,BACE_12,11,1,1,1,44.96929168701172,28.877683639526367,16.09160804748535
61,BACE_234,207,1,0,0,44.313499450683594,49.053951263427734,4.740451812744141
61,BACE_87,86,1,1,1,54.22865676879883,29.027355194091797,25.20130157470703
61,BACE_93,92,1,1,1,66.6205825805664,55.93851852416992,10.682064056396484
62,BACE_164,162,0,0,1,73.83753204345703,74.20992279052734,0.3723907470703125
62,BACE_130,128,0,1,0,67.63239288330078,61.708919525146484,5.923473358154297
62,BACE_112,110,0,0,1,29.28221893310547,30.54852294921875,1.2663040161132812
62,BACE_196,194,0,1,0,57.795291900634766,43.66098403930664,14.134307861328125
62,BACE_129,127,0,1,0,51.89581298828125,36.15400695800781,15.741806030273438
62,BACE_247,220,1,1,1,49.733985900878906,36.37677001953125,13.357215881347656
62,BACE_64,63,1,0,0,53.46781539916992,63.670101165771484,10.202285766601562
62,BACE_100,98,1,1,1,41.06427764892578,29.555734634399414,11.508543014526367
62,BACE_240,213,1,1,1,92.50877380371094,89.00897216796875,3.4998016357421875
62,BACE_94,93,1,0,0,86.76714324951172,89.57009887695312,2.8029556274414062
63,BACE_147,145,0,0,1,49.204036712646484,52.27052688598633,3.0664901733398438
63,BACE_177,175,0,0,1,39.13761520385742,59.99618148803711,20.858566284179688
63,BACE_167,165,0,0,1,52.88650894165039,62.4986572265625,9.61214828491211
63,BACE_197,195,0,0,1,28.5831298828125,51.124977111816406,22.541847229003906
63,BACE_200,198,0,0,1,37.467529296875,65.26631927490234,27.798789978027344
63,BACE_263,236,1,0,0,40.26258850097656,61.604148864746094,21.34156036376953
63,BACE_56,55,1,1,1,50.94842529296875,44.895423889160156,6.053001403808594
63,BACE_82,81,1,1,1,47.55156707763672,34.45343780517578,13.098129272460938
63,BACE_31,30,1,1,1,103.69367980957031,71.30734252929688,32.38633728027344
63,BACE_232,205,1,1,1,84.73735809326172,77.9783935546875,6.758964538574219
64,BACE_118,116,0,1,0,68.09222412109375,58.70094680786133,9.391277313232422
64,BACE_172,170,0,0,1,40.05482482910156,41.276981353759766,1.2221565246582031
64,BACE_126,124,0,0,1,53.49095153808594,59.92280960083008,6.431858062744141
64,BACE_155,153,0,1,0,62.74627685546875,56.55377960205078,6.192497253417969
64,BACE_106,104,0,0,1,49.86777877807617,59.0984001159668,9.230621337890625
64,BACE_88,87,1,0,0,112.45030212402344,135.4687042236328,23.018402099609375
64,BACE_75,74,1,0,0,116.5682144165039,136.9310760498047,20.36286163330078
64,BACE_93,92,1,0,0,45.32698440551758,58.70371627807617,13.376731872558594
64,BACE_11,10,1,0,0,40.01521682739258,56.89358901977539,16.878372192382812
64,BACE_63,62,1,0,0,33.417869567871094,42.93825149536133,9.520381927490234
65,BACE_133,131,0,0,1,36.0255126953125,60.204132080078125,24.178619384765625
65,BACE_193,191,0,0,1,27.799259185791016,52.76969528198242,24.970436096191406
65,BACE_145,143,0,0,1,40.79924011230469,41.39327621459961,0.5940361022949219
65,BACE_179,177,0,1,0,45.69313430786133,40.71660232543945,4.976531982421875
65,BACE_109,107,0,1,0,109.06037139892578,77.63775634765625,31.42261505126953
65,BACE_258,231,1,0,0,47.812171936035156,51.583919525146484,3.771747589111328
65,BACE_50,49,1,0,0,42.40314865112305,44.9921989440918,2.58905029296875
65,BACE_93,92,1,1,1,65.60386657714844,40.327510833740234,25.276355743408203
65,BACE_266,239,1,0,0,30.567100524902344,57.390933990478516,26.823833465576172
65,BACE_257,230,1,1,1,73.36103820800781,59.92087173461914,13.440166473388672
66,BACE_161,159,0,0,1,22.19108772277832,36.50178527832031,14.310697555541992
66,BACE_167,165,0,0,1,44.30718994140625,49.759891510009766,5.452701568603516
66,BACE_168,166,0,0,1,33.336387634277344,50.83081817626953,17.494430541992188
66,BACE_103,101,0,1,0,59.827388763427734,51.7705078125,8.056880950927734
66,BACE_117,115,0,1,0,80.88069152832031,66.63818359375,14.242507934570312
66,BACE_8,7,1,1,1,75.83966827392578,66.29751586914062,9.542152404785156
66,BACE_21,20,1,1,1,37.69879913330078,27.291065216064453,10.407733917236328
66,BACE_247,220,1,0,0,32.277347564697266,41.44963836669922,9.172290802001953
66,BACE_47,46,1,1,1,57.29888153076172,54.38956069946289,2.909320831298828
66,BACE_83,82,1,1,1,109.3634262084961,90.79315185546875,18.570274353027344
67,BACE_161,159,0,0,1,40.57740020751953,54.32648468017578,13.74908447265625
67,BACE_164,162,0,0,1,65.06229400634766,69.82866668701172,4.7663726806640625
67,BACE_115,113,0,0,1,79.388427734375,85.01199340820312,5.623565673828125
67,BACE_186,184,0,0,1,54.56365966796875,72.87158203125,18.30792236328125
67,BACE_106,104,0,1,0,51.56182861328125,48.83455276489258,2.727275848388672
67,BACE_95,94,1,0,0,33.31656265258789,66.24049377441406,32.92393112182617
67,BACE_93,92,1,0,0,44.86039352416992,46.08612060546875,1.2257270812988281
67,BACE_235,208,1,0,0,59.236534118652344,64.40771484375,5.171180725097656
67,BACE_261,234,1,0,0,40.6980094909668,76.40509033203125,35.70708084106445
67,BACE_90,89,1,0,0,49.64561080932617,55.109928131103516,5.464317321777344
68,BACE_182,180,0,0,1,27.140914916992188,38.88166809082031,11.740753173828125
68,BACE_202,200,0,0,1,23.470420837402344,57.49803924560547,34.027618408203125
68,BACE_157,155,0,0,1,27.636064529418945,56.66223907470703,29.026174545288086
68,BACE_167,165,0,1,0,48.4411735534668,47.56706237792969,0.8741111755371094
68,BACE_194,192,0,0,1,22.86701011657715,56.13819122314453,33.27118110656738
68,BACE_50,49,1,1,1,44.9465217590332,35.912994384765625,9.033527374267578
68,BACE_86,85,1,0,0,40.254024505615234,50.76105880737305,10.507034301757812
68,BACE_12,11,1,1,1,50.040733337402344,28.012100219726562,22.02863311767578
68,BACE_1,0,1,1,1,31.873140335083008,30.286279678344727,1.5868606567382812
68,BACE_46,45,1,1,1,57.33269119262695,41.46249008178711,15.870201110839844
69,BACE_164,162,0,1,0,77.75275421142578,53.384822845458984,24.367931365966797
69,BACE_124,122,0,0,1,34.9206428527832,38.16593551635742,3.2452926635742188
69,BACE_103,101,0,0,1,63.834075927734375,64.13742065429688,0.3033447265625
69,BACE_150,148,0,0,1,49.268123626708984,54.16014862060547,4.892024993896484
69,BACE_172,170,0,1,0,50.47106170654297,39.81421661376953,10.656845092773438
69,BACE_51,50,1,0,0,58.17219924926758,58.66718673706055,0.49498748779296875
69,BACE_240,213,1,1,1,85.56990814208984,72.0848388671875,13.485069274902344
69,BACE_255,228,1,1,1,70.05291748046875,59.84388732910156,10.209030151367188
69,BACE_75,74,1,1,1,140.13136291503906,116.33116149902344,23.800201416015625
69,BACE_19,18,1,1,1,44.96422576904297,37.06943893432617,7.894786834716797
70,BACE_114,112,0,0,1,120.3631362915039,121.74321746826172,1.3800811767578125
70,BACE_163,161,0,0,1,40.19845199584961,48.631446838378906,8.432994842529297
70,BACE_179,177,0,0,1,51.126495361328125,59.9328498840332,8.806354522705078
70,BACE_157,155,0,1,0,68.58912658691406,63.20159912109375,5.3875274658203125
70,BACE_141,139,0,1,0,53.675384521484375,49.65088653564453,4.024497985839844
70,BACE_70,69,1,0,0,57.655460357666016,58.48269271850586,0.8272323608398438
70,BACE_35,34,1,1,1,55.02146911621094,37.774925231933594,17.246543884277344
70,BACE_100,98,1,1,1,47.16853713989258,31.841148376464844,15.327388763427734
70,BACE_81,80,1,0,0,41.914852142333984,51.919010162353516,10.004158020019531
70,BACE_21,20,1,1,1,32.923458099365234,25.199934005737305,7.72352409362793
71,BACE_115,113,0,0,1,95.97261810302734,108.9365234375,12.963905334472656
71,BACE_175,173,0,0,1,41.93626403808594,43.46808624267578,1.5318222045898438
71,BACE_161,159,0,0,1,29.938133239746094,40.17841339111328,10.240280151367188
71,BACE_172,170,0,0,1,46.17869186401367,64.05228424072266,17.873592376708984
71,BACE_135,133,0,0,1,46.826087951660156,48.894554138183594,2.0684661865234375
71,BACE_24,23,1,1,1,71.02259826660156,49.7886962890625,21.233901977539062
71,BACE_247,220,1,0,0,35.954978942871094,46.2028923034668,10.247913360595703
71,BACE_262,235,1,0,0,49.66780090332031,60.55574035644531,10.887939453125
71,BACE_43,42,1,1,1,38.75209426879883,19.484798431396484,19.267295837402344
71,BACE_74,73,1,0,0,41.881473541259766,56.015628814697266,14.1341552734375
72,BACE_152,150,0,0,1,51.62776184082031,67.80692291259766,16.179161071777344
72,BACE_141,139,0,0,1,23.750835418701172,51.46708679199219,27.716251373291016
72,BACE_137,135,0,0,1,60.024742126464844,76.14115142822266,16.116409301757812
72,BACE_159,157,0,0,1,37.91090393066406,62.0403938293457,24.12948989868164
72,BACE_114,112,0,1,0,150.7234649658203,135.67784118652344,15.045623779296875
72,BACE_260,233,1,1,1,38.485313415527344,36.851802825927734,1.6335105895996094
72,BACE_99,97,1,0,0,38.39118576049805,63.402198791503906,25.01101303100586
72,BACE_262,235,1,0,0,49.82998275756836,67.15672302246094,17.326740264892578
72,BACE_70,69,1,0,0,46.793296813964844,63.45286178588867,16.659564971923828
72,BACE_67,66,1,0,0,40.3236083984375,52.260345458984375,11.936737060546875
73,BACE_159,157,0,0,1,24.521705627441406,77.22240447998047,52.70069885253906
73,BACE_155,153,0,0,1,47.8871955871582,70.07917022705078,22.191974639892578
73,BACE_111,109,0,0,1,27.25168800354004,64.33729553222656,37.08560752868652
73,BACE_137,135,0,0,1,67.41020202636719,76.43071746826172,9.020515441894531
73,BACE_152,150,0,0,1,55.02473831176758,75.50377655029297,20.47903823852539
73,BACE_12,11,1,1,1,50.732913970947266,37.028968811035156,13.70394515991211
73,BACE_82,81,1,1,1,55.24905776977539,53.42402648925781,1.8250312805175781
73,BACE_63,62,1,1,1,45.049217224121094,41.842926025390625,3.2062911987304688
73,BACE_267,240,1,0,0,19.156225204467773,67.14575958251953,47.98953437805176
73,BACE_21,20,1,1,1,47.84463882446289,38.410335540771484,9.434303283691406
74,BACE_140,138,0,0,1,52.48115539550781,52.846923828125,0.3657684326171875
74,BACE_164,162,0,1,0,74.19343566894531,66.61234283447266,7.581092834472656
74,BACE_191,189,0,0,1,47.701271057128906,55.20395278930664,7.502681732177734
74,BACE_152,150,0,0,1,49.726409912109375,60.7729606628418,11.046550750732422
74,BACE_114,112,0,1,0,144.8712921142578,131.04811096191406,13.82318115234375
74,BACE_240,213,1,1,1,86.39708709716797,82.53553771972656,3.8615493774414062
74,BACE_36,35,1,0,0,43.3697624206543,54.05049133300781,10.680728912353516
74,BACE_10,9,1,1,1,47.237449645996094,41.87362289428711,5.363826751708984
74,BACE_53,52,1,0,0,49.62236785888672,52.19718551635742,2.574817657470703
74,BACE_95,94,1,0,0,41.596012115478516,52.496089935302734,10.900077819824219
75,BACE_172,170,0,0,1,50.20264434814453,54.70884704589844,4.506202697753906
75,BACE_157,155,0,0,1,33.479061126708984,51.638999938964844,18.15993881225586
75,BACE_174,172,0,0,1,34.09103775024414,54.883426666259766,20.792388916015625
75,BACE_143,141,0,1,0,47.89084243774414,40.122406005859375,7.768436431884766
75,BACE_196,194,0,0,1,28.783946990966797,45.95443344116211,17.170486450195312
75,BACE_263,236,1,0,0,43.205440521240234,62.15494155883789,18.949501037597656
75,BACE_22,21,1,1,1,65.35232543945312,47.730289459228516,17.62203598022461
75,BACE_255,228,1,0,0,71.4611587524414,72.70443725585938,1.2432785034179688
75,BACE_84,83,1,1,1,31.352285385131836,24.590755462646484,6.761529922485352
75,BACE_63,62,1,1,1,44.24259567260742,34.93894577026367,9.30364990234375
76,BACE_168,166,0,0,1,54.75147247314453,76.17886352539062,21.427391052246094
76,BACE_161,159,0,0,1,41.32240295410156,59.52827453613281,18.20587158203125
76,BACE_175,173,0,0,1,54.02617263793945,74.75543975830078,20.729267120361328
76,BACE_112,110,0,0,1,34.00029373168945,49.435997009277344,15.43570327758789
76,BACE_159,157,0,0,1,56.155391693115234,76.5568618774414,20.401470184326172
76,BACE_28,27,1,0,0,39.27510070800781,65.03821563720703,25.76311492919922
76,BACE_247,220,1,0,0,35.40217971801758,67.49580383300781,32.093624114990234
76,BACE_21,20,1,1,1,47.18033981323242,34.658424377441406,12.521915435791016
76,BACE_93,92,1,0,0,49.01844787597656,56.376792907714844,7.358345031738281
76,BACE_241,214,1,1,1,64.57646942138672,61.30826950073242,3.268199920654297
77,BACE_144,142,0,0,1,58.82539749145508,80.6021957397461,21.776798248291016
77,BACE_167,165,0,0,1,46.1054801940918,71.03006744384766,24.92458724975586
77,BACE_194,192,0,0,1,55.72467803955078,80.98743438720703,25.26275634765625
77,BACE_118,116,0,0,1,68.12583923339844,79.55868530273438,11.432846069335938
77,BACE_122,120,0,0,1,51.57282638549805,66.4781265258789,14.90530014038086
77,BACE_240,213,1,0,0,94.89002990722656,99.96807861328125,5.0780487060546875
77,BACE_252,225,1,0,0,61.21493911743164,68.33311462402344,7.118175506591797
77,BACE_247,220,1,0,0,47.39972686767578,66.64636993408203,19.24664306640625
77,BACE_9,8,1,0,0,48.03690719604492,53.62392807006836,5.5870208740234375
77,BACE_72,71,1,0,0,72.40140533447266,86.25060272216797,13.849197387695312
78,BACE_135,133,0,1,0,59.4986572265625,48.487815856933594,11.010841369628906
78,BACE_186,184,0,1,0,59.5225944519043,45.0027961730957,14.519798278808594
78,BACE_108,106,0,0,1,38.326576232910156,53.1533088684082,14.826732635498047
78,BACE_143,141,0,0,1,43.787269592285156,53.02845001220703,9.241180419921875
78,BACE_201,199,0,1,0,59.56184387207031,45.251827239990234,14.310016632080078
78,BACE_51,50,1,1,1,54.68804931640625,46.65350341796875,8.0345458984375
78,BACE_251,224,1,1,1,71.86653137207031,69.76087188720703,2.1056594848632812
78,BACE_267,240,1,1,1,53.307308197021484,43.96307373046875,9.344234466552734
78,BACE_66,65,1,0,0,99.25000762939453,106.14897155761719,6.898963928222656
78,BACE_232,205,1,1,1,86.08160400390625,76.26314544677734,9.818458557128906
79,BACE_173,171,0,1,0,54.89048385620117,43.131378173828125,11.759105682373047
79,BACE_197,195,0,0,1,22.38198471069336,45.39696502685547,23.01498031616211
79,BACE_178,176,0,0,1,27.982255935668945,45.583980560302734,17.60172462463379
79,BACE_193,191,0,0,1,31.069440841674805,48.68854522705078,17.619104385375977
79,BACE_115,113,0,1,0,104.30892181396484,87.7761459350586,16.53277587890625
79,BACE_234,207,1,1,1,49.069984436035156,48.92213439941406,0.14785003662109375
79,BACE_82,81,1,1,1,51.01142120361328,36.42068862915039,14.59073257446289
79,BACE_253,226,1,0,0,44.450286865234375,60.30048370361328,15.850196838378906
79,BACE_23,22,1,1,1,61.0119743347168,31.82296371459961,29.189010620117188
79,BACE_242,215,1,0,0,68.12409973144531,77.7426986694336,9.618598937988281
80,BACE_187,185,0,0,1,27.264101028442383,31.61728286743164,4.353181838989258
80,BACE_130,128,0,1,0,61.58868408203125,44.44768524169922,17.14099884033203
80,BACE_182,180,0,1,0,32.06896209716797,29.625886917114258,2.443075180053711
80,BACE_108,106,0,0,1,41.059871673583984,45.83771514892578,4.777843475341797
80,BACE_191,189,0,1,0,67.48844146728516,52.4459342956543,15.04250717163086
80,BACE_11,10,1,1,1,53.48767852783203,45.83048629760742,7.657192230224609
80,BACE_86,85,1,0,0,35.00653839111328,37.67255783081055,2.6660194396972656
80,BACE_240,213,1,1,1,76.57776641845703,71.94359588623047,4.6341705322265625
80,BACE_82,81,1,1,1,54.404293060302734,39.32425308227539,15.080039978027344
80,BACE_52,51,1,1,1,38.1185302734375,36.79859924316406,1.3199310302734375
81,BACE_163,161,0,0,1,32.63554763793945,42.23259735107422,9.597049713134766
81,BACE_118,116,0,0,1,61.608482360839844,67.31629180908203,5.7078094482421875
81,BACE_166,164,0,0,1,37.344295501708984,44.57768630981445,7.233390808105469
81,BACE_175,173,0,1,0,62.86962127685547,53.76230239868164,9.107318878173828
81,BACE_114,112,0,1,0,132.6424102783203,125.83496856689453,6.807441711425781
81,BACE_263,236,1,0,0,53.611427307128906,61.033409118652344,7.4219818115234375
81,BACE_99,97,1,0,0,24.988698959350586,46.04373550415039,21.055036544799805
81,BACE_1,0,1,1,1,36.2607421875,30.713048934936523,5.547693252563477
81,BACE_20,19,1,1,1,41.56018829345703,32.98512268066406,8.575065612792969
81,BACE_7,6,1,1,1,59.35555648803711,44.99196243286133,14.363594055175781
82,BACE_122,120,0,0,1,39.7532844543457,48.100379943847656,8.347095489501953
82,BACE_157,155,0,0,1,28.0423526763916,53.33127975463867,25.28892707824707
82,BACE_149,147,0,1,0,62.89516067504883,52.50257110595703,10.392589569091797
82,BACE_203,201,0,0,1,28.61974334716797,53.86039733886719,25.24065399169922
82,BACE_111,109,0,0,1,25.202510833740234,42.54457473754883,17.342063903808594
82,BACE_24,23,1,1,1,85.73197937011719,56.606807708740234,29.125171661376953
82,BACE_239,212,1,1,1,80.2879409790039,75.5782699584961,4.7096710205078125
82,BACE_251,224,1,0,0,81.91524505615234,82.38410949707031,0.46886444091796875
82,BACE_7,6,1,1,1,63.710304260253906,38.585693359375,25.124610900878906
82,BACE_241,214,1,1,1,49.686805725097656,49.38140106201172,0.3054046630859375
83,BACE_169,167,0,0,1,30.586645126342773,38.45377731323242,7.867132186889648
83,BACE_205,203,0,1,0,58.065006256103516,53.60594177246094,4.459064483642578
83,BACE_178,176,0,0,1,39.64945602416992,44.893882751464844,5.244426727294922
83,BACE_117,115,0,1,0,76.55718231201172,64.41079711914062,12.146385192871094
83,BACE_166,164,0,0,1,35.499244689941406,40.313941955566406,4.814697265625
83,BACE_252,225,1,1,1,62.71710205078125,47.52881622314453,15.188285827636719
83,BACE_240,213,1,0,0,77.32365417480469,94.57255554199219,17.2489013671875
83,BACE_260,233,1,1,1,48.003475189208984,43.345577239990234,4.65789794921875
83,BACE_253,226,1,0,0,58.08129119873047,58.878028869628906,0.7967376708984375
83,BACE_7,6,1,1,1,58.103702545166016,42.577640533447266,15.52606201171875
84,BACE_152,150,0,1,0,52.781917572021484,51.26933670043945,1.5125808715820312
84,BACE_105,103,0,1,0,179.94552612304688,170.29827880859375,9.647247314453125
84,BACE_169,167,0,0,1,31.571468353271484,34.6634521484375,3.0919837951660156
84,BACE_175,173,0,0,1,33.05893325805664,46.40366744995117,13.344734191894531
84,BACE_107,105,0,1,0,84.14514923095703,81.27159881591797,2.8735504150390625
84,BACE_29,28,1,1,1,70.16964721679688,56.39087677001953,13.778770446777344
84,BACE_10,9,1,1,1,58.74796676635742,46.10329055786133,12.644676208496094
84,BACE_75,74,1,1,1,137.7943878173828,123.94715118408203,13.847236633300781
84,BACE_252,225,1,1,1,50.29365539550781,48.779212951660156,1.5144424438476562
84,BACE_72,71,1,0,0,64.4730453491211,69.57701873779297,5.103973388671875
85,BACE_112,110,0,0,1,27.924030303955078,34.65351867675781,6.729488372802734
85,BACE_188,186,0,0,1,31.519262313842773,64.29147338867188,32.7722110748291
85,BACE_107,105,0,1,0,78.95716094970703,71.07984924316406,7.877311706542969
85,BACE_130,128,0,0,1,57.135379791259766,71.73233795166016,14.59695816040039
85,BACE_118,116,0,0,1,57.72531509399414,72.21385192871094,14.488536834716797
85,BACE_241,214,1,0,0,55.85371398925781,59.06133270263672,3.2076187133789062
85,BACE_86,85,1,0,0,33.35198211669922,66.61700439453125,33.26502227783203
85,BACE_252,225,1,0,0,55.39839553833008,56.13330078125,0.7349052429199219
85,BACE_232,205,1,1,1,81.32967376708984,69.21183776855469,12.117835998535156
85,BACE_56,55,1,0,0,43.271366119384766,46.51971435546875,3.2483482360839844
86,BACE_166,164,0,0,1,30.81810760498047,33.86494064331055,3.046833038330078
86,BACE_154,152,0,0,1,23.396644592285156,31.258451461791992,7.861806869506836
86,BACE_124,122,0,1,0,35.576480865478516,34.49802017211914,1.078460693359375
86,BACE_176,174,0,1,0,56.761287689208984,54.5285758972168,2.2327117919921875
86,BACE_139,137,0,1,0,42.351070404052734,39.355594635009766,2.9954757690429688
86,BACE_37,36,1,0,0,43.78910446166992,48.41761016845703,4.628505706787109
86,BACE_239,212,1,1,1,86.36578369140625,83.91212463378906,2.4536590576171875
86,BACE_260,233,1,1,1,47.9321403503418,46.327415466308594,1.6047248840332031
86,BACE_82,81,1,0,0,44.71302795410156,49.87324905395508,5.160221099853516
86,BACE_242,215,1,1,1,65.88105773925781,48.32443618774414,17.556621551513672
87,BACE_139,137,0,0,1,40.50724411010742,57.838130950927734,17.330886840820312
87,BACE_158,156,0,1,0,48.7083625793457,40.30561447143555,8.402748107910156
87,BACE_164,162,0,0,1,64.6240463256836,69.32186126708984,4.69781494140625
87,BACE_109,107,0,1,0,83.06769561767578,72.46664428710938,10.601051330566406
87,BACE_108,106,0,1,0,43.486061096191406,30.241439819335938,13.244621276855469
87,BACE_35,34,1,0,0,59.08949279785156,59.887840270996094,0.7983474731445312
87,BACE_95,94,1,0,0,33.460235595703125,54.614601135253906,21.15436553955078
87,BACE_74,73,1,0,0,25.692344665527344,45.93613052368164,20.243785858154297
87,BACE_263,236,1,0,0,40.33827590942383,64.91061401367188,24.572338104248047
87,BACE_10,9,1,1,1,48.072052001953125,28.369007110595703,19.703044891357422
88,BACE_176,174,0,0,1,67.41498565673828,68.0954818725586,0.6804962158203125
88,BACE_171,169,0,1,0,38.809295654296875,36.98280715942383,1.8264884948730469
88,BACE_134,132,0,0,1,61.00468063354492,64.68094635009766,3.6762657165527344
88,BACE_191,189,0,1,0,56.023494720458984,50.322479248046875,5.701015472412109
88,BACE_104,102,0,0,1,37.541404724121094,55.28470230102539,17.743297576904297
88,BACE_17,16,1,0,0,39.523895263671875,56.47595977783203,16.952064514160156
88,BACE_52,51,1,1,1,54.1251220703125,35.807716369628906,18.317405700683594
88,BACE_81,80,1,0,0,52.13774871826172,68.60137176513672,16.463623046875
88,BACE_258,231,1,1,1,60.005035400390625,39.02154541015625,20.983489990234375
88,BACE_84,83,1,0,0,31.853605270385742,40.3272819519043,8.473676681518555
89,BACE_186,184,0,0,1,45.95917510986328,60.53288650512695,14.573711395263672
89,BACE_114,112,0,1,0,148.031982421875,132.70220947265625,15.32977294921875
89,BACE_129,127,0,0,1,39.33984375,47.48945617675781,8.149612426757812
89,BACE_153,151,0,0,1,25.170848846435547,38.35508346557617,13.184234619140625
89,BACE_139,137,0,0,1,33.43928909301758,47.40463638305664,13.965347290039062
89,BACE_8,7,1,0,0,70.71315002441406,75.91317749023438,5.2000274658203125
89,BACE_37,36,1,1,1,46.12739562988281,42.41604995727539,3.711345672607422
89,BACE_239,212,1,1,1,90.79979705810547,77.4677734375,13.332023620605469
89,BACE_242,215,1,0,0,67.97828674316406,69.71002197265625,1.7317352294921875
89,BACE_84,83,1,0,0,37.4450569152832,39.47059631347656,2.0255393981933594
90,BACE_157,155,0,0,1,35.01770782470703,50.07083511352539,15.05312728881836
90,BACE_194,192,0,0,1,32.23028564453125,48.463993072509766,16.233707427978516
90,BACE_141,139,0,0,1,23.569835662841797,32.591041564941406,9.02120590209961
90,BACE_111,109,0,0,1,26.447208404541016,34.469486236572266,8.02227783203125
90,BACE_112,110,0,1,0,35.59724807739258,34.0026741027832,1.594573974609375
90,BACE_67,66,1,1,1,47.805213928222656,42.588008880615234,5.217205047607422
90,BACE_74,73,1,1,1,34.688720703125,29.730600357055664,4.958120346069336
90,BACE_17,16,1,1,1,58.950252532958984,46.797359466552734,12.15289306640625
90,BACE_253,226,1,0,0,41.87671661376953,46.717811584472656,4.841094970703125
90,BACE_252,225,1,0,0,51.40699768066406,54.15000534057617,2.7430076599121094
91,BACE_200,198,0,0,1,49.32040786743164,64.50452423095703,15.18411636352539
91,BACE_145,143,0,1,0,45.457679748535156,36.333858489990234,9.123821258544922
91,BACE_124,122,0,0,1,34.8054313659668,46.49148178100586,11.686050415039062
91,BACE_118,116,0,1,0,63.49618911743164,62.64549255371094,0.8506965637207031
91,BACE_175,173,0,0,1,55.63037109375,62.5760383605957,6.945667266845703
91,BACE_253,226,1,0,0,57.51105880737305,61.808956146240234,4.2978973388671875
91,BACE_258,231,1,0,0,49.12907409667969,59.40498352050781,10.275909423828125
91,BACE_82,81,1,1,1,43.97288513183594,41.50658416748047,2.4663009643554688
91,BACE_231,204,1,1,1,155.87252807617188,137.34950256347656,18.523025512695312
91,BACE_261,234,1,0,0,48.67441940307617,59.577117919921875,10.902698516845703
92,BACE_193,191,0,0,1,34.30408477783203,34.856773376464844,0.5526885986328125
92,BACE_177,175,0,1,0,40.71536636352539,38.31938552856445,2.3959808349609375
92,BACE_197,195,0,1,0,34.20392990112305,31.764400482177734,2.4395294189453125
92,BACE_196,194,0,1,0,45.58655548095703,38.27422332763672,7.3123321533203125
92,BACE_157,155,0,1,0,46.805206298828125,45.42322540283203,1.3819808959960938
92,BACE_231,204,1,0,0,135.27117919921875,144.97303771972656,9.701858520507812
92,BACE_242,215,1,1,1,74.4207534790039,71.38166809082031,3.0390853881835938
92,BACE_74,73,1,1,1,43.209964752197266,38.97579574584961,4.234169006347656
92,BACE_266,239,1,1,1,41.06113052368164,37.929405212402344,3.131725311279297
92,BACE_253,226,1,1,1,53.2618522644043,41.28162384033203,11.980228424072266
93,BACE_124,122,0,0,1,26.37141227722168,27.330095291137695,0.9586830139160156
93,BACE_133,131,0,0,1,44.805747985839844,49.178489685058594,4.37274169921875
93,BACE_159,157,0,0,1,42.30901336669922,51.8221549987793,9.513141632080078
93,BACE_115,113,0,1,0,94.62691497802734,89.02395629882812,5.602958679199219
93,BACE_194,192,0,0,1,41.0514030456543,50.50175857543945,9.450355529785156
93,BACE_20,19,1,1,1,50.9880256652832,50.86598587036133,0.122039794921875
93,BACE_56,55,1,1,1,44.306617736816406,41.80121612548828,2.505401611328125
93,BACE_45,44,1,0,0,75.30511474609375,75.8461685180664,0.5410537719726562
93,BACE_253,226,1,0,0,43.90163803100586,46.23822784423828,2.336589813232422
93,BACE_60,59,1,1,1,66.01043701171875,62.169830322265625,3.840606689453125
94,BACE_135,133,0,0,1,40.87858581542969,56.65165328979492,15.773067474365234
94,BACE_133,131,0,0,1,40.255374908447266,53.742740631103516,13.48736572265625
94,BACE_200,198,0,0,1,38.914730072021484,60.46068572998047,21.545955657958984
94,BACE_166,164,0,0,1,27.555910110473633,42.13291931152344,14.577009201049805
94,BACE_161,159,0,0,1,28.563899993896484,50.26713180541992,21.703231811523438
94,BACE_20,19,1,0,0,40.88422775268555,62.389244079589844,21.505016326904297
94,BACE_267,240,1,0,0,35.208984375,58.71292495727539,23.50394058227539
94,BACE_258,231,1,0,0,47.46307373046875,48.86323547363281,1.4001617431640625
94,BACE_57,56,1,1,1,95.07411193847656,84.66841888427734,10.405693054199219
94,BACE_46,45,1,0,0,52.58075714111328,58.1740837097168,5.593326568603516
95,BACE_193,191,0,0,1,37.15182876586914,40.37283706665039,3.22100830078125
95,BACE_150,148,0,1,0,45.0445442199707,37.599769592285156,7.444774627685547
95,BACE_176,174,0,0,1,68.94667053222656,72.58979034423828,3.6431198120117188
95,BACE_133,131,0,0,1,46.117774963378906,51.93380355834961,5.816028594970703
95,BACE_147,145,0,1,0,45.909114837646484,41.44259262084961,4.466522216796875
95,BACE_234,207,1,0,0,39.172306060791016,46.381744384765625,7.209438323974609
95,BACE_231,204,1,1,1,151.01869201660156,138.8154754638672,12.203216552734375
95,BACE_46,45,1,0,0,45.406089782714844,45.98456954956055,0.5784797668457031
95,BACE_72,71,1,0,0,68.03948211669922,69.2552490234375,1.2157669067382812
95,BACE_30,29,1,1,1,40.785072326660156,37.75082778930664,3.0342445373535156
96,BACE_172,170,0,1,0,36.060935974121094,29.880014419555664,6.18092155456543
96,BACE_121,119,0,0,1,48.57386779785156,53.34742736816406,4.7735595703125
96,BACE_204,202,0,0,1,41.18063735961914,59.10225296020508,17.921615600585938
96,BACE_124,122,0,0,1,28.487430572509766,35.34183120727539,6.854400634765625
96,BACE_147,145,0,0,1,51.24800491333008,63.04475021362305,11.796745300292969
96,BACE_22,21,1,1,1,60.11935806274414,50.002323150634766,10.117034912109375
96,BACE_11,10,1,1,1,51.25880813598633,47.42684555053711,3.8319625854492188
96,BACE_64,63,1,1,1,56.28553771972656,47.475704193115234,8.809833526611328
96,BACE_84,83,1,0,0,37.62567901611328,47.29494857788086,9.669269561767578
96,BACE_90,89,1,0,0,49.5162353515625,53.10032653808594,3.5840911865234375
97,BACE_204,202,0,0,1,49.13651657104492,56.36841583251953,7.231899261474609
97,BACE_196,194,0,0,1,51.06593322753906,61.57828140258789,10.512348175048828
97,BACE_190,188,0,0,1,38.35456466674805,60.11270523071289,21.758140563964844
97,BACE_205,203,0,0,1,54.44182586669922,60.43784713745117,5.996021270751953
97,BACE_186,184,0,0,1,53.459312438964844,60.61330795288086,7.153995513916016
97,BACE_240,213,1,0,0,71.85383605957031,99.22449493408203,27.37065887451172
97,BACE_100,98,1,1,1,41.858612060546875,30.198823928833008,11.659788131713867
97,BACE_52,51,1,0,0,40.46311569213867,64.0213623046875,23.558246612548828
97,BACE_47,46,1,0,0,53.588077545166016,69.08438110351562,15.49630355834961
97,BACE_75,74,1,1,1,124.47273254394531,97.64119720458984,26.83153533935547
98,BACE_203,201,0,0,1,31.8155517578125,70.79334259033203,38.97779083251953
98,BACE_104,102,0,1,0,55.65165328979492,38.88372802734375,16.767925262451172
98,BACE_121,119,0,0,1,45.344268798828125,53.52902603149414,8.184757232666016
98,BACE_144,142,0,0,1,37.185577392578125,71.994873046875,34.809295654296875
98,BACE_112,110,0,1,0,32.75950241088867,30.13249969482422,2.627002716064453
98,BACE_264,237,1,0,0,39.08173751831055,52.901039123535156,13.81930160522461
98,BACE_11,10,1,1,1,53.4079475402832,39.524810791015625,13.883136749267578
98,BACE_257,230,1,0,0,71.00865173339844,75.28401947021484,4.275367736816406
98,BACE_255,228,1,0,0,68.28073120117188,76.9121322631836,8.631401062011719
98,BACE_43,42,1,0,0,43.190513610839844,46.611846923828125,3.4213333129882812
99,BACE_187,185,0,1,0,42.87299728393555,36.231895446777344,6.641101837158203
99,BACE_155,153,0,0,1,56.06562423706055,64.30375671386719,8.23813247680664
99,BACE_124,122,0,1,0,52.053646087646484,37.59872055053711,14.454925537109375
99,BACE_112,110,0,0,1,31.919992446899414,43.06288146972656,11.142889022827148
99,BACE_109,107,0,1,0,101.62081146240234,89.16734313964844,12.453468322753906
99,BACE_30,29,1,0,0,29.91557502746582,44.22450637817383,14.308931350708008
99,BACE_45,44,1,0,0,64.72765350341797,75.61083221435547,10.8831787109375
99,BACE_241,214,1,0,0,46.749481201171875,61.75288391113281,15.003402709960938
99,BACE_87,86,1,0,0,40.030799865722656,42.05310821533203,2.022308349609375
99,BACE_240,213,1,1,1,95.59616088867188,62.258399963378906,33.33776092529297
